id,name,title,text
1,贾诩,秘密資料,"
[c][f55090]生日：[-][/c]5/6
[c][f55090]外表年齡：[-][/c]14
[c][f55090]討厭的禮物：[-][/c]持刀傘、天使光環
[c][f55090]喜歡的禮物：[-][/c]邪能果汁、恐龍積木"
2,贾诩,偽裝,賈詡在學園裡沒有加入任何陣營。她有著可愛的外表和嬌萌的聲音，這使得她身邊的人很容易對她卸下防備。她深受資深學姐們的喜愛，常被當做抱抱的對象。不論是風紀委員會還是DEF陣營，她都相處的非常融洽。
3,贾诩,記憶,自從混沌體徵爆發後，喜歡與人接觸的賈詡便成為了其中一員，但是機智的她沒有讓任何人發現她的異常。待她度過了病發期後，她腦中多了很多記憶。雖然她不明白這些記憶從何而來，但是記憶中的種種手段、計謀讓她感到分外熟悉。她第一次嘗試運用復甦記憶中的謀略在學園裡製造事端，就獲得了成功。
4,贾诩,警告！,嘗到甜頭的賈詡不斷地運用記憶中的手段與謀略，為自己獲得了許多可以作為玩具的候補人選。可憐的是那些玩具從來不知道，她們所喜歡、要保護的軟萌學妹竟是個肆意玩弄他人的存在。她從來不在意幽夢學園謎一般的畢業，更在意的是在這個校園有源源不斷的玩具提供給她。所以，看到賈詡時，請提高警覺！
5,黄忠,秘密資料,"
[c][f55090]生日：[-][/c]4/21
[c][f55090]外表年齡：[-][/c]16
[c][f55090]討厭的禮物：[-][/c]紅茶、棋子
[c][f55090]喜歡的禮物：[-][/c]彈弓、仙人掌"
6,黄忠,性格,黃忠是弓道社的一員，每天日常就是去弓道社練習，似乎對其他的事物毫無興趣。她不喜歡用爭辯去解決問題，大多數時候只會發出簡短的警告。如果遇到無法輕易解決的事情，她會訴諸武力。
7,黄忠,陣營轉移,最初黃忠是跟隨曹操活躍在DEF陣營的，但是據說發生了一些事情，因此她看清了曹操的真面目，不久便離開了DEF陣營。而在離開DEF陣營後不久，她便接受了劉備的邀請，加入了風紀委員會。
8,黄忠,排擠？,黃忠沉默寡言的性格似乎使她在風紀委員會中遭到了眾人的排擠，每次戰鬥之前分配任務時，她只會被分配到一些無足輕重的任務。她不願意自己的實力被人低估，所以她現在比以前更用心的磨練著自己的弓箭技術。據劉備說，如果黃忠的力量再強大些，便能在風紀委員會當中負責重要的任務。
9,方天,秘密資料,"
[c][f55090]生日：[-][/c]未知
[c][f55090]外表年齡：[-][/c]16
[c][f55090]討厭的禮物：[-][/c]神秘藥水、持刀傘
[c][f55090]喜歡的禮物：[-][/c]SF手槍、SF眼鏡"
10,方天,正義？,方天是一位勇敢且正義的少女，喜歡在實驗室進行科學研究。\n她原先是風紀委員會的成員，只為了自己心中的正義而戰。在一次戰鬥中她遇到了曹操，據說是被曹操的氣度所感召，從此以後她加入了DEF陣營。
11,方天,神器,"
據說，方天是在幽夢學園出生的。
她的本體似乎是某個強大人物遺留在幽夢學園的精神力量，她被賦予了某些神秘知識，但似乎只有零星的記憶碎片。
方天根據這些碎片製作了自己的武器：離子震動刃和電磁槍，能注入異次元的力量的神器。
強大的武器似乎對方天有些副作用，可學園裡應該只有曹操知道這副作用是什麽了。"
12,方天,答案,在數次與混沌體徵患者的戰鬥後，方天發現自己擁有能夠預知未來的「高位預測」能力，雖然只能預知自己下一秒的狀態，但也足以讓她成為校園裡一個特別的存在。\n她的記憶也逐漸在復甦，不過依舊沒有任何現世的記憶。她漸漸有了追尋自己的過去的念頭，同時對刻印在腦中的正義產生了懷疑，那究竟是屬於自己的意志，還是被他人所調整的「設定」？\n至少現在，她還沒有答案。
13,貂蝉,秘密資料,"
[c][f55090]生日：[-][/c]1/31
[c][f55090]外表年齡：[-][/c]19
[c][f55090]討厭的禮物：[-][/c]棋子、圍巾
[c][f55090]喜歡的禮物：[-][/c]幸運手繩、雛菊髮夾"
14,貂蝉,教師,每一個幽夢學園的學生都認識貂蟬，因為她是學校裡最資深的學生之一。\n包括貂蟬自己在內，大家都不清楚她為什麼一直沒有畢業。雖說如此，但她很享受帶新學生上課的工作。
15,貂蝉,課堂,在貂蟬的課堂裡，她是絕對的女主角。她喜歡學生陶醉她外貌和身材的眼神，也喜歡用挑逗的語氣問學生問題。\n在教訓不聽話的學生時，她會突然變得嚴厲起來，從裙下掏出幾縷長度未知的、名為「歡欲之縛」的神秘絲帶。沒有學生能從絲帶的緊縛下掙脫，只能任憑對方將自己拖入黑暗的角落裡，遭遇無法名狀的「教育」……
16,貂蝉,局勢,貂蟬和各個勢力的關係都很好（單方面的）。各勢力的高層很多都曾是她教出來的學生，但她們在提到貂蟬時，臉上都會浮現出厭惡的表情，以及面紅耳赤的樣子。\n在混沌體徵爆發後，貂蟬致力於對學生們的保護與監管，但她的努力並沒有太大的效果。課堂上學生日漸稀少，她以「沒有學生來上課，人家好寂寞」為理由，加入了與混沌體徵患者戰鬥的第一線。
17,许褚,秘密資料,"
[c][f55090]生日：[-][/c]7/17
[c][f55090]外表年齡：[-][/c]12
[c][f55090]討厭的禮物：[-][/c]量子玫瑰、維修工具
[c][f55090]喜歡的禮物：[-][/c]生態瓶、仙人掌"
18,许褚,元氣少女,許褚是學園裡有名的元氣少女，同時還有著與甜美外表極不相稱的恐怖怪力。\n她是園藝社的一員，園藝社的社長原本還對她有些顧慮，可在發現凡是被許褚照顧過的植物都會生長得非常茁壯後，便打從心底認可她了。
19,许褚,植物,在照顧植物時，許褚時常會自言自語；當別人問起時，她總會回答說，自己在與植物們聊天。這讓大家覺得她是個腦筋不正常的怪人，因此對她敬而遠之。\n只有一個人例外 ──「曹操」。曹操也認為植物有靈性，所以她經常在閒暇時選擇與許褚的植物們一起度過。而許褚也在與植物們的溝通下，認定曹操是個好人，與她成為了朋友。
20,许褚,友好記錄,"
在幽夢學園裡走路要注意腳下，哪怕是雜草。我最討厭有人踐踏植物了。

每個人都要為自己的過錯承擔後果，你幫我種植完鹿鈴花，我才考慮原諒你。

真是看不出來，你擁有園藝的天賦。當然，我不會承認你的厲害，不過，我不介意跟你當朋友——不，是競爭對手。

喂，我可是把你當做我的好朋友才告訴你，我能跟植物溝通，聽到它們說話。這支玫瑰送給你，它會告訴你我想和你說的話喔。"
21,吕蒙,秘密資料,"
[c][f55090]生日：[-][/c]8/21
[c][f55090]外表年齡：[-][/c]16
[c][f55090]討厭的禮物：[-][/c]吸血鬼面具、狐面
[c][f55090]喜歡的禮物：[-][/c]稀有護符、櫻花扇"
22,吕蒙,天然呆,呂蒙是一個開朗的天然呆少女，渾身充滿了正能量。\n她是風紀委員會的一員，隨身帶著的一把陽舞傘是她的標誌。傘的外形沒有什麽特別的，據她自己的說法，這種傘比較輕便，適合持握。但這傘好像怎麼弄都沒有折斷的跡象，大多數人都懷疑她偷偷加工了。
23,吕蒙,目標,呂蒙最開始以為只要勤奮學習就能畢業，但她的天賦真的有些問題：她似乎一直保持著那種即使努力學習，卻從來就沒有任何效果的呆萌少女的人設。\n現在，呂蒙正為了追趕關羽、讓對方認可自己而持續特訓中。（似乎這個笨蛋除了特訓外就不需要別的興趣了一樣）
24,吕蒙,特訓,在一次混沌體徵患者的突襲中，關羽輕鬆救下了被圍困的呂蒙，呂蒙就是這時候開始把關羽認定為自己前世最最重要的人。但幾天後她再度見到關羽時，關羽卻不記得這個笨蛋少女了。\n最近似乎有挺多人出現健忘的症狀，當然也可能單純是關羽沒把她看在眼裡，總而言之，呆萌少女單方面的仰慕之情一直沒能傳達到，而為了解決這個問題，她開始了那項不知從圖書館的何處查閱到的特殊訓練。
25,加百列,秘密資料,"
[c][f55090]生日：[-][/c]7/19
[c][f55090]外表年齡：[-][/c]15
[c][f55090]討厭的禮物：[-][/c]邪能果汁、鋼筆
[c][f55090]喜歡的禮物：[-][/c]天使光環、相機"
26,加百列,新聞社,加百列是幽夢學園的資深學生，入學多年的她一手創建了新聞社。她將新聞社包裝成看似負責報導校內外各類大小消息的狗仔組織，但其真實身份卻是學園的巡夜人組織，在黑夜的世界中保護學園的安寧。
27,加百列,巡夜人,加百列對新聞社的社員要求是：「戰鬥力！」、「戰鬥力！」、「戰鬥力！」只有戰鬥力非常高的人，才能擔負起幽夢學園巡夜人的職責。那些戰鬥力高的新聞社成員，加百列會私下對她們進行特殊訓練，提高她們的戰鬥力和偵查能力。雖然新聞社的成員對社長這樣草木皆兵的態度很不理解，但還是非常配合進行訓練。
28,加百列,審判日,自從幽夢學園爆發混沌體徵後，混亂的校園情形讓加百列變得非常焦慮。因為在加百列的記憶中，有一個揮之不去的詞『審判日』，那將是一切的終結。她認為，混沌體徵的爆發就是審判日的前兆，因而對巡夜人的職責要求更加嚴格。新聞社的巡夜人身份曝光後，風紀委員會和DEF陣營都對新聞社進行拉攏，但加百列都一一拒絕了。
29,周瑜,秘密資料,"
[c][f55090]生日：[-][/c]1/21
[c][f55090]外表年齡：[-][/c]19
[c][f55090]討厭的禮物：[-][/c]神秘藥水、稀有護符
[c][f55090]喜歡的禮物：[-][/c]狐耳髮箍、狐面"
30,周瑜,哀歎,周瑜是音樂社團的成員，她的琴聲宛轉悠揚，輕盈如風，令聽者心情舒暢。但即便有眾多的聽眾，周瑜也時常獨自在哀歎著什麽。曾有人在深夜聽見過一絲孤寂的弦音，大概就是她在寂靜的夜裡獨奏吧。
31,周瑜,同伴,「從何而來？為何而來？去向何方？」狐耳演奏者的詰問常常伴著琴聲迴蕩在空曠的活動室裡。\n「這些問題我不明白，但我能明白你的琴聲。下次行走夜路，能讓我與你同行嗎？」有一天，社團裡新來的一位拿扇子的少女回答道。\n從此以後，從活動室裡傳來的便不再是單薄的獨奏，而是纏綿的和聲了。
32,周瑜,拯救,周瑜本來一直只專注於社團，但有一天她突然答應了收到已久的邀請，加入了風紀委員會。她自那一天開始便再也沒踏入過琴房，風紀委員會因為周瑜的加入而大大提高了清除混沌體徵患者的效率。根據周瑜自己的說法，她想做的並不是清除，而是拯救。
33,织田信长,秘密資料,"
[c][f55090]生日：[-][/c]6/23
[c][f55090]外表年齡：[-][/c]18
[c][f55090]討厭的禮物：[-][/c]布丁、咖啡
[c][f55090]喜歡的禮物：[-][/c]持刀傘、狐耳髮箍"
34,织田信长,信念,「天下布武！」\n這是織田信長來到幽夢學園後，腦海中一直迴盪著的一句話。\n雖然不知道究竟是什麼意思，但只要念出這句話，就能從內心湧現出無盡的力量和信心。這股力量支撐她度過了很多艱難的戰鬥和孤獨的日子。
35,织田信长,喜歡的事,信長來到幽夢學園後，對身邊的一切都很好奇：喜歡槍械，喜歡認識形形色色的人，也喜歡聽加百列宣揚那些關於主的故事，還喜歡在幽夢學園到處探索，尋找更多新奇有趣的事情或是從未被人踏足的地方。但是，她從不迷信。槍械不過是工具，聽故事也只是打發時間，而人——在她眼中一視同仁。
36,织田信长,真意,信長痛恨那些認為自己高人一等、恃強淩弱的傢夥。她鼓勵並扶持弱者，告訴她們如何獲得力量，教授那些弱者如何戰鬥、如何去相信自己。\n不錯，讓天下人都擁有『武』的力量，能夠抬頭挺胸地、堅強地活著……這或許，就是她心中那句話的真意吧。\n混沌體徵爆發後，敏感的信長察覺到危機背後隱藏著什麼秘密，於是她選擇加入DEF陣營，在拯救患者的同時，以自己的力量探究著真相。
37,张合,秘密資料,"
[c][f55090]生日：[-][/c]1/8
[c][f55090]外表年齡：[-][/c]18
[c][f55090]討厭的禮物：[-][/c]幸運手繩、狐耳髮箍
[c][f55090]喜歡的禮物：[-][/c]棋子、遊戲機"
38,张合,賭徒,張郃是幽夢學園裡有名的牌手，與別人遊戲並取勝，是她最大的樂趣。\n她常在學園裡與各式各樣的人攀談，關係熟絡後，就引誘對方參與自己的棋牌遊戲，如果能贏過張郃，她就給對方最想要的東西，如果輸了，就必須讓張郃從對方身上隨意挑走一件東西。
39,张合,天選之人,其實張郃並沒有什麼高超的牌技，也從沒用過出老千的把戲，她只是極度自信地認定自己不會輸。奇怪的是，她真的幾乎沒有輸過。仿佛是受到上天眷顧一般，她總能在關鍵時刻抽到最重要的那張牌，實現一發逆轉。每次，她都從輸家那裡，取走對方最重要、最珍視的東西。也因此，遭到了很多人的記恨。
40,张合,天敵,張郃唯一贏不了的人，是曹操。\n曹操比她更自信、更狡猾，而且似乎知道張郃的一切。曹操先發制人，對張郃設下了牌局。張郃的運氣，在曹操面前完全消失了，她輸掉了牌局。\n而曹操想要的，就是張郃本人。從此，張郃便成為了曹操忠實的下僕。混沌體徵爆發後，張郃一直追隨曹操行動，她堅信這個運氣比她更好的傢夥，能讓她避過一切危險。
41,张飞,秘密資料,"
[c][f55090]生日：[-][/c]10/20
[c][f55090]外表年齡：[-][/c]13
[c][f55090]討厭的禮物：[-][/c]量子玫瑰、雛菊髮夾
[c][f55090]喜歡的禮物：[-][/c]牛角麵包、薯條"
42,张飞,廚神,張飛是個頑皮乖張卻廚藝精湛的少女，她對食物有異樣的執著。張飛初入學園不久，便霸佔了食堂的廚房做為自己的領地。她日常的活動地點不是校園的福利社，就是食堂。她每日都會做出不同風格、不同味道的料理——然而只有她自己的份。由於食堂被霸佔，學妹們雖對食堂每天飄出的料理香氣垂涎三尺，但迫於張飛的壓力，只能去福利社買麵包吃。
43,张飞,武聖,面對香氣忍無可忍的學妹們請來了號稱「武聖」的關羽，聯合看熱鬧的劉備，將張飛狠狠教訓了一頓後，要求她做飯給大家吃。鼻青臉腫的張飛似乎是認可了關羽和劉備，她為關羽和學妹們做出了日後成為學園七大不思議之一的神級料理——『醬汁豬肉定食』。融化在口中那柔軟芳香的味道，就連嘗遍了天下美食的「武聖」都無法抵抗，發出了滿足的呻吟……
44,张飞,食堂,其實，講義氣的張飛也是會為了保護柔弱的學妹，而揮舞自己的一雙鐵拳戰鬥的。所以哪怕在混沌體徵爆發後，校園內各處戰鬥四起，張飛的食堂卻是幽夢校園的一方寧靜之地。當混沌體徵患者追逐著學妹來到張飛的食堂時，那料理散發出來的香氣，連混沌體徵患者也難以自持（當然，填飽肚子後還是要打）。
45,孟获,秘密資料,"
[c][f55090]生日：[-][/c]5/15
[c][f55090]外表年齡：[-][/c]12
[c][f55090]討厭的禮物：[-][/c]牛角麵包、苦無
[c][f55090]喜歡的禮物：[-][/c]火雞、恐龍積木"
46,孟获,吃貨,孟獲是個蠻力十足，橫衝直撞的少女。她的行事難以捉摸，也很容易發火，但只要你弄懂了她的信條「肉肉即是正義」，便不難與她相處——吃到好吃的就能立刻被哄得服服貼貼。幽夢學園的十大吃貨，孟獲絕對有實力躋身前三。從她進入學園開始，便對學業完全不聞不問，只對美食情有獨鍾。
47,孟获,真正的友誼,孟獲經常為了爭奪食堂開門時的第一口肉，在還沒下課時就起身躍出教室的窗戶。在一次爭奪最後一盤烤肉的打鬥中，她認識了同為頂級吃貨的劉禪，並從此成為了翹課和吃飯的同伴。如果有人要找孟獲，只要往校園裡散發著食物香味的地方找去即可；當然你也會發現劉禪學妹，她們的友誼開始於吃，結束於最後一口美食。等她們再次找到新的美食，友誼又會繼續下去。
48,孟获,七日囚,張飛所在的小食堂也是她們最常光顧的地方。但孟獲時常吃霸王餐，逃跑時又異常神速，讓張飛很是頭疼。於是張飛求助另一位常客諸葛亮，諸葛亮在張飛幾次請求之後，親自出手設計將孟獲關在籠子裡；孟獲被困在小食堂七天七夜，並且每天只能遙望美食卻無法品嘗，才終於被收服，也許是學到了教訓，至少在張飛的食堂裡安份了許多。
49,汉献帝,秘密資料,"
[c][f55090]生日：[-][/c]10/5
[c][f55090]外表年齡：[-][/c]14
[c][f55090]討厭的禮物：[-][/c]提線人偶、量子玫瑰
[c][f55090]喜歡的禮物：[-][/c]故事書、櫻花扇"
50,汉献帝,透明的人,很少有人和漢獻帝有過接觸，大家對她的印象，基本上就是那個總跟在曹操和袁紹身後、畏手畏腳的小女孩。她在校園裡應該沒有別的朋友了，是一個非常不起眼的孩子。
51,汉献帝,姐姐,漢獻帝是與姐姐漢靈帝一同來到幽夢學園的，她們來到學園後就一直生活在一起。但那個姐姐狂躁易怒，還對這個妹妹進行過度的管控，推測這應該是漢獻帝養成了畏手畏腳的性格的原因吧。
52,汉献帝,傀儡,在漢獻帝成為曹操和袁紹的跟班以前，和董卓是有過一段淵源的。但知曉這段內情的人很少，也許是有虐待或是其他不太愉快的事情發生。總而言之，是曹操解救了她，所以她就心甘情願的開始扮演小跟班的角色。其實還是希望有人能再多關心一下這位傀儡小姐，據我觀察，默默跟在曹操和袁紹身後的她，會時不時呈現出空空麻木的眼神啊。
53,关羽,秘密資料,"
[c][f55090]生日：[-][/c]6/20
[c][f55090]外表年齡：[-][/c]22
[c][f55090]討厭的禮物：[-][/c]咖啡、薯條
[c][f55090]喜歡的禮物：[-][/c]火雞、魚罐頭"
54,关羽,武聖的日常,關羽是學園校區武力最高者（不排除有人氣加成），被尊為『武聖』。她常年因為見義勇為被表揚，其實只想當一個安靜的吃貨。\n關羽的日常是救助弱小，不過在她眼裡看來，所有的學妹應該都是需要她救助的弱小。
55,关羽,忠告！,在學園內如果你遇到了麻煩，那麼第一個出現在你面前的人肯定是關羽（如果不是，那一定是吃飯時間）。如果你想和關羽打好關係，很簡單，只要請她吃一頓學園食堂名產——醬汁豬肉定食，就好了。
56,关羽,至交,和關羽關係最好的就是張飛，因為她飽含了靈魂的廚藝，徹底征服了『武聖』。雖然她們之間的相識是始於一場戰鬥，一場關羽不費吹灰之力（以及看熱鬧的劉備煽風點火）就贏得的戰鬥。本該因為戰鬥失敗而倍感屈辱的張飛，卻因為關羽的氣場而羞紅了臉。在被要求給大家做飯時，得知關羽喜歡吃豬肉，就順勢為關羽特製了醬汁豬肉定食。兩人——加上厚著臉皮來蹭飯的劉備，在一頓美食後，成為了至交。
57,路西法,秘密資料,"
[c][f55090]生日：[-][/c]10/12
[c][f55090]外表年齡：[-][/c]17
[c][f55090]討厭的禮物：[-][/c]狐面、相機
[c][f55090]喜歡的禮物：[-][/c]邪能果汁、骷髏抱枕"
58,路西法,反差,別看路西法的外表是個冷豔的美少女，實際上，她是個不折不扣的邋遢宅女，十分依賴同期的好友米迦勒。平日裡，她甚至需要米迦勒來掀被子才能起床。路西法做事不經思考，任憑自己的心情肆意妄為，常常給周圍的人製造麻煩。而唯一能讓她靜下來乖乖聽話的，只有米迦勒。
59,路西法,墮天魔女,路西法最大的興趣，是宅在宿舍裡，跟米迦勒一起玩。但米迦勒似乎不太滿意好友的這種單調的生活，時常強行讓路西法跟著自己出去參加各種活動。而當路西法站在一年一度的學園音樂節——ShiningBand舞臺中央，用她那自由奔放的吉他聲讓學妹們聽得如癡如醉，為她瘋狂，這令帶著她玩樂隊的米迦勒跌破了眼鏡。舞臺上路西法那不可一世的態度、放蕩不羈的做法，給人帶來一種極度反差的魅力。『墮天魔女』，從此成為了她的外號。
60,路西法,遙遠的夢,"
那是一名被無數亡魂纏繞著的銀髮少女，黑暗侵蝕了她，讓她原本聖潔的六翼變成了黑羽。少女失去了理智，肆意揮灑著神力，所及之處皆化為焦土。死亡盤旋在古城的上空，人們只能躲在廢墟下瑟瑟發抖，祈求著神的拯救。
最終是一位金髮少女的出現結束了銀髮少女的罪惡。揮舞著手中的白色十字架，金髮天使刺穿了銀髮惡魔的胸膛。

「你還要睡到什麽時候？上課快遲到了哦！」還沒從迷糊的睡夢中醒來，路西法身上的被子就被一個金髮少女——米迦勒掀開了。"
61,米迦勒,秘密資料,"
[c][f55090]生日：[-][/c]10/12
[c][f55090]外表年齡：[-][/c]16
[c][f55090]討厭的禮物：[-][/c]邪能果汁、持刀傘
[c][f55090]喜歡的禮物：[-][/c]咖啡、天使光環"
62,米迦勒,陽光少女,米迦勒是一位披散著一頭金髮，散發出如陽光般溫柔氣質的少女。她很喜歡彈鋼琴，愛打掃房間。雖然有潔癖，但很會照顧人，在戰鬥中會把保護隊友放在首位。
63,米迦勒,神之旨意,這是個有神存在的世界，但似乎在神出現之前便已經有魔獸了。強大暴虐的魔獸，讓人類一直生活在水深火熱之中。有一天，一位少女在夢中見到了神。神授予她『天使』的身份，命她奔走各地消滅那些危害人間的強大魔獸，為日後將神的光芒照耀大地墊下基石。
64,米迦勒,天使的真名,善良的少女接受了神的使命，離開故鄉，離開親人，踏上消滅魔獸的征途。\n她的身體不再長大，也不會老去。千百個歲月裡，這個少女背著與體格極不相稱的巨大白色十字架，在各地巡視。\n她在消滅魔獸的旅程裡，拯救了無數生命，懲處了無數罪人，守望著文明的崛起、隕落。人們在黑夜中默念著她的名字，守護弱者的天使，神之福音的傳播者——聖•米額爾•迦勒。
65,曹操,秘密資料,"
[c][f55090]生日：[-][/c]11/11
[c][f55090]外表年齡：[-][/c]18
[c][f55090]討厭的禮物：[-][/c]狐面、櫻花扇
[c][f55090]喜歡的禮物：[-][/c]持刀傘、稀有護符"
66,曹操,文武全才,曹操是一個非常霸氣，對自己的訓練非常嚴格、崇尚武力，且非常擅長破壞舊有秩序的少女。同時，她也是個文武皆通，興趣廣泛的全才。似乎是一股發自內心的衝動在支配著她，讓她如攻城掠地一般周旋於各個社團之間，在每個地方都迅速地成為最出彩的明星。
67,曹操,制霸校園,曹操是第一個加入風紀委員會的年輕學妹，並在委員會中以極快的速度晉升。在她的整肅下，學園內以董卓為首，眾多無視組織紀律的勢力都瓦解了，袁紹等不安份勢力也被委員會所拉攏、牽制，長期遭受欺淩的學生們獲得了解放，曹操成為備受愛戴的明星，許多仰慕曹操的學生都投入她的麾下。
68,曹操,DEF陣營,風紀委員會的很多規章制度大多是由曹操擬定的，但她自己，又時常在某些緊迫的情況下無視任何規章制度。在她看來，制度不過是工具，如果制度成為阻礙自己目的的絆腳石，直接捨棄也無所謂。可是自從混沌體徵爆發，戰鬥在一線的曹操感染了病症，擁有了部分現世記憶後，她轉投到DEF陣營。曹操不喜歡自己的命運被他人掌控，她要自己找到真相。
69,魏延,秘密資料,"
[c][f55090]生日：[-][/c]7/16
[c][f55090]外表年齡：[-][/c]18
[c][f55090]討厭的禮物：[-][/c]紅茶、故事書
[c][f55090]喜歡的禮物：[-][/c]SF眼鏡、維修工具"
70,魏延,愛哭鬼,魏延是個自卑、愛哭的人，她似乎不希望被人關注，執意認為自己是被拋棄的人，身邊有人時就會非常害怕。其實幽夢學園入學的新生中，鮮有肢體受損的人，不幸的是魏延便是其中之一。
71,魏延,機械臂,魏延是以缺少一隻手臂、極度虛弱的姿態來到學園的。經過學姐們的精心照料，總算恢復了健康。失去的手臂無法復原，只好以精鋼鍛造的機巧義肢替代。但即使恢復了健康，未能抹去的陰影卻纏繞著魏延。她時常夢見自己被人從身後襲擊，手臂被強大的箭矢撕碎，而下手的人，雖然看不清長相，卻令她感到悲憤異常。
72,魏延,鼓勵,魏延是怎麼認識諸葛亮的沒人去仔細考究，但似乎只有在諸葛亮身邊時，她才會感到些許安心。\n「魏延，在你的內心中，潛藏著勇氣。即使沒有我，你也可以找回自己的勇氣，只要……你選擇直面自己的恐懼。」這是諸葛亮離去前的話語，那之後魏延雖然又回到了獨自一人的生活之中，但個人的自卑似乎有了一些改善，甚至還參加了解救混沌體徵患者的隊伍。
73,德古拉,秘密資料,"
[c][f55090]生日：[-][/c]12/12
[c][f55090]外表年齡：[-][/c]13
[c][f55090]討厭的禮物：[-][/c]SF手槍、SF眼鏡
[c][f55090]喜歡的禮物：[-][/c]紅茶、吸血鬼面具"
74,德古拉,吸血鬼,德古拉是個傲慢、強佔有欲、冷酷的吸血鬼。她在學園的日常便是白天在教室裡悠閒地喝著紅茶，晚上回到異界的城堡裡睡覺。
75,德古拉,失憶,德古拉從自己的城堡中醒來，偌大的城堡空無一人。她的腦中也一片空白，失去了所有記憶。\n透過城堡中的藏書，她知道了自己的名字，以及「高貴的、強大的、無懼太陽的吸血鬼」這一身份。但除此以外，所有關於自己過往的資料，都變成了白紙。\n她餓了，於是推開城堡的大門，來到了外界。根據記載，大門原本可以前往她想要去往的任何地方，現在卻只能通往一個地方——『幽夢學園』。
76,德古拉,動力,企圖襲擊學生的德古拉，被守夜人和其她學姐們聯手制服。在瞭解了事情的來龍去脈後，學姐們接納德古拉為學園的新生，並透過學園的技術合成了各種口味的人工血漿提供給她。做為回報，德古拉將大量又沉又難懂的古書捐給幽夢學園圖書館。\n在混沌體徵爆發後，德古拉雖然不想插手這些麻煩的爭端，但如果學園被毀滅，自己也會失去食物來源。於是，德古拉暗中展開了行動……
77,曹植,補上一段,"
學長，別多想哦，這個便利貼只是爲了統一一下格式，並沒有什麽特殊的含義哦~
[c][f55090]生日：[-][/c]1/9
[c][f55090]外表年齡：[-][/c]16
[c][f55090]討厭的禮物：[-][/c]骷髏抱枕、SF眼鏡
[c][f55090]喜歡的禮物：[-][/c]故事書、記事本"
78,曹植,第一張便利貼,我叫曹植，這便利貼是爲了紀念一個日子：今天。今天我在圖書館裡意外的發現了這本資料筆記，上面已經記錄了不少學園裡同學的資料。本子上面已有許多灰塵，我猜想那位前輩可能已經從這裡畢業了吧？雖然不知道她是誰，她為何放棄這份工作也不得而知，但不得不說這本筆記很有趣，我想代替前輩繼續記錄下去～
79,曹植,第二張便利貼,我現在在這所幽夢學園中學習，雖說是學習，但也就每天看看書，隨手寫一些文字，極其無聊時，可能會像周瑜那樣想想：「自己是何時來此？從何處來此？將來又將去向何方？」之類的問題。其實我想成為一名作家，所以這份收集記錄的「工作」，對我來說也算是一種練筆。我會盡力寫下我的所見所聞，儘管可能有些零碎，也許有一天能派上用場呢，世事無常，什麼也說不準。
80,曹植,回憶,其實我對以前的記憶沒什麼印象了，只記得依稀是還小的時候，我家有個非常大的書房，是母親藏書的地方，那裡大到我不小心闖進去之後便找不到出來的方向了。剛開始還覺得新奇，再來便是迷路後的無助與害怕。不過，當我三天後被家人從書堆裡找到時，我的恐懼、徬徨及飢餓感早已被書中的世界一掃而空了。
81,甘夫人,秘密資料,"
[c][f55090]生日：[-][/c]7/6
[c][f55090]外表年齡：[-][/c]17
[c][f55090]討厭的禮物：[-][/c]朗姆酒、火雞
[c][f55090]喜歡的禮物：[-][/c]狐耳髮箍、狐面"
82,甘夫人,舞姬,甘夫人是學園中舞蹈社的社長，和妹妹一樣癡迷於舞蹈。她一直在尋找能和自己的舞蹈有共鳴的人，似乎是想和這個人簽訂契約，成為其專屬舞姬，讓自己戰鬥力大增。不過這種看緣分的事情不會那麼容易就能成功，所以在大多數人看來，小甘只是不斷地在炫耀自己的舞技罷了。
83,甘夫人,華服,雖然學園沒有規定必須穿統一的服裝，但是甘夫人的衣服似乎過於華麗了，關鍵是她那身衣服似乎是故意露出了一些地方，讓舞蹈變得更加吸引人。她本人是沒有這個自覺的，據說那衣服的設計和常年不離手的扇子只是爲了緩解她易出汗的體質帶來的煩惱。
84,甘夫人,尾巴,學園的很多同學都對甘夫人的尾巴感興趣，有的是想數一數她到底有幾根尾巴，有的是想知道尾巴上那些雪白的絨毛摸起來到底是什麽感覺，但至今沒有一個人成功達到目的。甘夫人每次出現在大家的視線裡就是在跳舞，人們只是簡單的一瞥，就都被舞姿迷住了，等到回過神來，她早已不見了蹤影。甘夫人剛入學時，常有人因為這個原因耽誤了上課，在該情況出現幾次後，甘夫人便在妹妹的要求下只在社團活動室裡跳舞了。
85,董卓,秘密資料,"
[c][f55090]生日：[-][/c]12/13
[c][f55090]外表年齡：[-][/c]12
[c][f55090]討厭的禮物：[-][/c]生態瓶、仙人掌
[c][f55090]喜歡的禮物：[-][/c]朗姆酒、吸血鬼面具"
86,董卓,傳聞,有很長一段時間，許多人是不太願意提起「董卓」這個名字的。「妳再這麼頑皮，小心被董卓吃掉喔～她最喜歡吸頑皮的人的血了！」她們在剛入學時，都被學姐這樣警告過，這似乎是學園裡的前輩用來嚇唬人的常用手段。實際上，最早認識董卓的人，都覺得她只是一個對自己認定的事情有些執著、偏激的小吸血鬼罷了。但久而久之，口耳相傳，本來只是有些病嬌的董卓，最終卻成了人們口中黑魔王一般的存在。
87,董卓,董卓幫,董卓本來對於派系鬥爭是沒有太多想法的，畢竟對一個吸血鬼而言，找血液才是首要目標。但一批又一批的人不懷好意地找到了她，在各種虛偽的諂媚鼓譟之下，缺乏社交經驗的董卓根本無法抵擋。最終，她被推舉為秘密社團「董卓幫」的領袖。說是領袖，其實她只是個被人打著自己的名號在學園內搜刮利益的傀儡，別人看上董卓的，只是她那稍有威懾力的名氣罷了。
88,董卓,惡魔,「吶，她們說你是給我的玩具啊，你真的很像人偶嘛，我挺喜歡的，哈哈~」\n「喂，你別不理我嘛，既然是玩具，就來陪我玩啊！不要總是板著個臉的，連她們都不敢給我這樣的臉色！」\n「看來，還是要聽她們的，讓你嘗嘗痛苦的滋味啊~放心吧，不會殺了你的，不過你若是真的死了，那是不是就能好好的聽我的話了呢？哼哼哼哼~」
89,司马懿,秘密資料,"
[c][f55090]生日：[-][/c]9/19
[c][f55090]外表年齡：[-][/c]12
[c][f55090]討厭的禮物：[-][/c]天使光環、手電筒
[c][f55090]喜歡的禮物：[-][/c]邪能果汁、骷髏抱枕"
90,司马懿,黑暗蘿莉,司馬懿是一個擁有可愛蘿莉外形的強大怪物。她身上附著著神秘的黑暗物質，身旁時不時出現一些碩大的眼球。不清楚究竟是邪惡的司馬懿孕育出了那份黑暗，還是那份黑暗找到了司馬懿（甚至可能那些黑暗物質才是本體，幼女外表只是偽裝手段也說不定），總之，這種組合像是會把人吃了。
91,司马懿,吃人,有很長一段時間，時常會有人聽到司馬懿嚷嚷著想要吃人，甚至有人說看見她正在吃人。每當這樣的傳言引起學園的不安時，風紀委員就會介入調查。但根本就沒有發現學園內有誰失蹤，在目擊者指稱的案發地點也沒有任何可疑的痕跡，當然也就沒法確定司馬懿真的有罪，只能不了了之。
92,司马懿,黑暗料理,司馬懿是否真的吃人不得而知，但司馬懿（或者說那黑暗物質）最大的愛好就是吃卻是大家所公認的。她判斷料理是否可以吃的標準，不是能否發光或者能否讓人享受，她只在乎看上去夠不夠黑暗。所以，別看她外表充滿邪氣，其實蠻多學生挺喜歡她的——她總能對那些失敗的食物或者純粹的黑暗料理照單全收，這樣的她是難得的黑暗料理處理站和試吃機器。當然，若是遇上司馬懿，千萬不要用手電筒照射她的食物，她的黑暗魔法可沒有長眼睛。
93,孙悟空,秘密資料,"
[c][f55090]生日：[-][/c]8/9
[c][f55090]外表年齡：[-][/c]16
[c][f55090]討厭的禮物：[-][/c]魚罐頭、吸血鬼面具
[c][f55090]喜歡的禮物：[-][/c]溜溜球、遊戲機"
94,孙悟空,桃子,孫悟空是個元氣少女，敏捷靈活，戰鬥力很強。她最討厭的事就是被人叫「死猴子」，雖然常常是因為她不滿意每天定額配給的水果，偏偏要去搶人家的桃子。她做事向來沒什麼原則和責任感，只向桃子看齊。對她來說，桃子就是一切。
95,孙悟空,桃園,孫悟空最常出沒的地點是學園內的「桃園」。「桃園」是由張飛、許褚一夥人建立的學園水果供應園地，當時建立初期人手不足的情況差點讓張飛放棄了供應學園內的水果，是剛入學的孫悟空自告奮勇的幫忙才有了今天。她可以拔下自己的頭髮來召喚出分身，讓那些分身去執行繁重的水果培養與運輸任務。她要求的，只有將多一點的桃子分配給自己而已。
96,孙悟空,無奈,最近不太平的事挺多的，因此孫悟空基本上就只在桃園裡活動了，按照她的說法，是要保護好那些桃樹不被破壞。雖然暫時還沒出現那樣的情況，但桃園也因為略顯緊張的局勢而變得冷清許多，除了時不時來聚會的劉關張三人就沒有其他人會來了。孫悟空不免有些無聊，所以她現在正試著讓叫她「死猴子」的張飛改口為「齊天大聖」，不過只要稍微惹怒了張飛，便會被張飛用扣桃子的威脅逼得連連道歉。
97,大乔,秘密資料,"
[c][f55090]生日：[-][/c]9/30
[c][f55090]外表年齡：[-][/c]16
[c][f55090]討厭的禮物：[-][/c]溜溜球、遊戲機
[c][f55090]喜歡的禮物：[-][/c]咖啡、薯條"
98,大乔,賽前採訪,「大家好，我是大喬。想必有我這樣的大美女參加比賽，學園一定很開心吧！還好這次是舉辦的是樂器比賽呢～要是選美比賽，我覺得已經不用比了。當然，樂器比賽，我也會拿下優勝的！別小看我，我可是美貌與實力兼具的女人哦～謝謝大家的熱情，請為我用力地加油吧！」
99,大乔,樂器比賽,「我是36號選手大喬，我今天給大家帶來的表演是琵琶獨奏。說起琵琶，就不得不提及我的音樂天賦了。琵琶是我學會的第一種樂器，而現在的我甚至能演奏六種樂器了。其實我最擅長的並不是琵琶唷，只是我覺得用琵琶最能體現我的優雅與美貌，不像那個用豎琴的天使或者用古琴的蘿莉，樂器都把人擋住了一大半，連自己的美貌都不能向觀眾展現了，怎麼能安心的演奏呢……」
100,大乔,賽後採訪,「我的節目不是表演的挺好的嘛，我明明讓評委和觀眾都聽得如癡如醉了才對啊！什麽？節目超時？成績無效？我的曲子時間也不長啊，自我介紹的時間你怎麼能算進節目時間裡呢！這次來了這麼多新入學的學妹，那是我為了向大家展現我的美貌和才華準備了好幾天的講稿啊！哼，算了！我也不是個小氣的人，下次會注意一點啦！」
101,夏侯渊,秘密資料,"
[c][f55090]生日：[-][/c]10/19
[c][f55090]外表年齡：[-][/c]18
[c][f55090]討厭的禮物：[-][/c]生態瓶、仙人掌
[c][f55090]喜歡的禮物：[-][/c]SF手槍、遊戲機"
102,夏侯渊,遊戲宅,夏侯淵是典型的遊戲宅。她是個徹頭徹尾的遊戲狂魔，每天都在攻略各種各樣的遊戲，同時還把自己幻想成遊戲裡的角色，進行所謂的「完美COSPLAY」。所謂的「完美COSPLAY」，實際上只是COS好角色後再帶一個VR眼鏡而已，不但失去了旁人視角中的還原度，還時常讓室友陷於被「盲人」毆打的困境中。
103,夏侯渊,清涼一夏,夏侯淵最喜歡的一款遊戲，是從學園圖書館的一個舊書架上找到的《清涼一夏》，一款操作穿著泳裝的女主角在沙灘上打僵屍的遊戲。由於她想在寒冷的冬天也COS這個角色，只能在泳裝的基礎上加了一雙過膝棉襪，襪子裡還偷偷貼了好幾個暖暖包。
104,夏侯渊,COSPLAY,雖然很多人一直都有點看不起夏侯淵，覺得她一直廢寢忘食的玩著遊戲，還貫徹著自己的「完美COSPLAY」是一件完全不符合校園規範的事情，但在那次突然爆發的危機之中，夏侯淵的「COS用玩具槍」射出了超強威力的子彈時，所有對她的輕視與不屑都轉為了尊敬與讚賞。
105,荀彧,秘密資料,"
[c][f55090]生日：[-][/c]9/15
[c][f55090]外表年齡：[-][/c]17
[c][f55090]討厭的禮物：[-][/c]維修工具、記事本
[c][f55090]喜歡的禮物：[-][/c]圍巾、相機"
106,荀彧,浴衣,似乎很多人對荀彧的評價，都是說她像一隻性感慵懶的貓。她經常穿著一身浴衣就出門了，也不知道這算是不拘小節還是不在乎他人視線呢？你要是上前詢問，大概也只會得到一句「人家很喜歡這套衣服呢，你是覺得不太好看嗎？」就不會有其他反應了。
107,荀彧,吹風機,學園裡的浴場是荀彧最喜歡待的地方。其實，她喜歡沐浴後用吹風機吹頭的時刻更甚於沐浴本身。據她本人所說，溫暖的風把頭髮上的水分帶走，會有把自己的煩惱一起吹走的感覺，每次吹頭，都是一種心靈的療癒。
108,荀彧,武器,在上次的緊急情況發生之前，荀彧其實根本沒有參加過什麽戰隊或是與人發生衝突。戰場中的她，手中的吹風機似乎不再只是吹走髮稍上的水滴，更能吹走一切的邪惡與黑暗。從那之後，浴場也變得熱鬧了起來，似乎有荀彧在就能感到安心，而且浴室中精油和沐浴乳的清香也能讓不安的人們感到舒暢。
109,赵云,秘密資料,"
[c][f55090]生日：[-][/c]11/13
[c][f55090]外表年齡：[-][/c]18
[c][f55090]討厭的禮物：[-][/c]骷髏抱枕、吸血鬼面具
[c][f55090]喜歡的禮物：[-][/c]布丁、生態瓶"
110,赵云,高冷偶像,趙雲是學園裡很多人的偶像，不僅僅是因為她的強大，更因為她的高冷、優雅又不失禮貌。趙雲和關羽一樣，也經常保護弱者，所以有些時候，甚至會有粉絲爭論她們兩個到底誰才是學園裡的人氣NO.1。
111,赵云,白馬王子,有一次，在劉備的邀請下，趙雲到學園裡的咖啡廳進行兼職。不過她似乎不太習慣女僕裝，於是劉備便找了一套白色的執事服給她，沒想到意外地合適。從那以後，趙雲「白馬王子」的外號便在學妹之中流傳了起來。據說現在劉備每兩週就會邀請趙雲來兼職，而趙雲也不太好拒絕友人的要求，所以只要到了那天，咖啡廳一定會被人群擠得水泄不通。
112,赵云,目標,趙雲最大的目標，是消滅所有的邪惡，追尋自己的道，所以她根本沒有什麽玩耍的時間。她在沒課的時候，甚至會沿著校園的邊界巡邏，她似乎是經歷了一番艱難才來到學園的，所以應該是學園之外有什麽不被大家所知的東西一直讓她保持著警戒。
113,丰臣秀吉,秘密資料,"
[c][f55090]生日：[-][/c]未知
[c][f55090]外表年齡：[-][/c]14
[c][f55090]討厭的禮物：[-][/c]薯條、遊戲機
[c][f55090]喜歡的禮物：[-][/c]神秘藥水、溜溜球"
114,丰臣秀吉,失憶,豐臣秀吉忘記了以前的很多事情，力量更是異常的弱小，只依稀記得自己是帶著什麽使命來到這裡的。但其實沒人記得她到底是何時來到學園的，因為幾乎在所有人的印象裡，就一直有一個把責任感刻在靈魂裡的，帶著帷帽的少女，日復一日的進行著自己的訓練。
115,丰臣秀吉,指導,豐臣秀吉經常在鍛煉時遇見同樣在特訓的呂蒙。那個傻瓜不知道從哪找來了一本根本沒什麼用的訓練指導手冊天天練習，但體力似乎不行，每次練習一下就累得趴下了。秀吉在這時候從不會直接去幫助呂蒙，她只是繼續著自己的練習，用對自己一遍又一遍的嚴厲訓練給呂蒙塑造了榜樣。呂蒙似乎也沒想過要來請教她什麽，只是每次看到秀吉努力的樣子，也漸漸被影響，跟著一起練習。日子一久，似乎還真的有些效果。
116,丰臣秀吉,訓練,秀吉在日復一日的訓練裡越來越強大了，但更令人在意的是，她的身材也越來越強大。彷彿是失去力量變幼女，回復力量變辣妹的那種設定，讓人著實羡慕。因為受到風紀委員會的邀請，現在在體育課上，秀吉會不定期的給大家一些指導，讓大家再次遇到突發的緊急事件時，能有自保的能力。
117,蔡文姬,秘密資料,"
[c][f55090]生日：[-][/c]2/1
[c][f55090]外表年齡：[-][/c]12
[c][f55090]討厭的禮物：[-][/c]鋼筆、故事書
[c][f55090]喜歡的禮物：[-][/c]恐龍積木、彈弓"
118,蔡文姬,名琴之謎,蔡文姬從小便有著驚人的文學和音樂天賦，她手中的七弦琴是傳說中早已遺失的神器「焦尾」。有學級較高的學姐記得蔡文姬初入學園時，身無長物，學園曾發生過神秘的學員失蹤的案件，蔡文姬正是失蹤人員之一。當人們終於找到蔡文姬的時候，她正枕著焦尾呼呼大睡。這把琴從何而來一直是一個謎。
119,蔡文姬,嬉鬧學園,蔡文姬雖然在文學與音樂上才華出眾，但她的興趣卻不在於此。相較於讀書撫琴，她更喜歡抱著焦尾，在學園的各個角落裡，留下自己奔跑的身影和銀鈴般清脆的笑聲。蔡文姬雖然身材嬌小，但異常靈活，無論是學園最高的主樓樓頂，還是被明令禁止入內的神秘禁林，都阻擋不了她。她以為她會一直這樣充滿活力地生活下去，直到她遇到了一個人。
120,蔡文姬,仰慕之人,無意中闖入舞蹈教室的蔡文姬看到了獨自跳舞的甘夫人。甘夫人那精緻的容貌、華美的服飾、優美的姿態，尤其是她由內而外散發出的高貴氣質，令蔡文姬歎為觀止。「我要為她寫一首最高貴的曲子，讓她在我的伴奏下翩翩起舞。」蔡文姬立馬下定了決心。於是那個淘氣鬼不見了，取而代之的是一個苦苦尋覓靈感的樂癡。
121,郭嬛,秘密資料,"
[c][f55090]生日：[-][/c]3/21
[c][f55090]外表年齡：[-][/c]14
[c][f55090]討厭的禮物：[-][/c]朗姆酒、牛角麵包
[c][f55090]喜歡的禮物：[-][/c]故事書、記事本"
122,郭嬛,遠方的信一,小褚褚~有沒有想我呀~我現在在大陸東南角的一個小鎮，再往南就要進入神秘的原始之森了，聽說原始之森裡的植物都長得格外的巨大，說不定有比你送給我的更大的蒲公英哦~如果發現好的花種，我會帶給你的當做禮物的。你呀，也該出來走走了，老是宅在花房裡都要發芽了~
123,郭嬛,遠方的信二,親愛的小褚褚~有沒有想我呀~我跟你講哦，雪山上的岩羊真的超級兇的！竟然把你送我的蒲公英吃掉了，下次回學園又要麻煩妳啦。不過岩羊雖然兇，但是肉質卻是難得的鮮美，用木炭一烤，撒點鹽就是人間美味！我會帶肉乾給你的，記得幫我種植新的更大的蒲公英哦~
124,郭嬛,遠方的信三,親愛滴小褚褚~你一定想死我了吧？我馬上就要回學園了，說不定比這封信還快！意不意外？驚不驚喜？聽說學園裡發生了不得了的事情，你放心，我已經趕在回去的路上了，我一定會保護你的！等我哦，你一定要等我哦！！！
125,刘表,秘密資料,"
[c][f55090]生日：[-][/c]3/3
[c][f55090]外表年齡：[-][/c]16
[c][f55090]討厭的禮物：[-][/c]火雞、魚罐頭
[c][f55090]喜歡的禮物：[-][/c]咖啡、薯條"
126,刘表,商品,鮫人是罪惡的奴隸市場的明星商品。鮫人哭泣產生的鮫珠價值連城。而天性樂觀的劉表，從來不知道哭為何物。即使被從深海誘拐捕獲，在奴隸販子手中遭受虐待，仍然笑嘻嘻地毫不在意。最終，無法生產鮫珠的劉表被視為市場的殘次品而遭到嫌棄。
127,刘表,人魚,某日，在幽夢學園風紀委員會的協助下，大陸治安隊對奴隸市場發動了一次突襲。風紀委員會的幹部將被困在特殊容器中的劉表解救了出來，並將她帶回幽夢學園。從此，幽夢學園裡便多了一個無憂無慮、樂天知命的人魚學員。
128,刘表,備受寵愛,劉表夢幻般的種族屬性，加上樂天的性格，使她在幽夢學園中很快得到了學員們的厚愛。學園為其特製的海洋氣泡，更讓劉表能夠自由地在陸地上游走。劉表則用她無憂無慮的笑聲回報學員們，並讓她們在學園陷入危機之時，也能鼓起勇氣面對。
129,孙尚香,秘密資料,"
[c][f55090]生日：[-][/c]7/26
[c][f55090]外表年齡：[-][/c]14
[c][f55090]討厭的禮物：[-][/c]棋子、溜溜球
[c][f55090]喜歡的禮物：[-][/c]紅茶、相機"
130,孙尚香,馴貓日記一,「滾滾！你最近不能再吃了！從今天起，你需要減肥，我們的目標是加入騎乘協會。我們需要按照騎乘協會坐騎標準來對你進行特訓，尤其是身材！……嗚什麼嗚！反對無效！」
131,孙尚香,馴貓日記二,「哼！可惡的夏侯惇！竟然說滾滾是寵物，不是坐騎，拒絕我加入騎乘協會，簡直是欺人太甚！枉費我把滾滾訓練得像匹馬一樣，我一定要一雪前恥！來~滾滾，多吃點！多長點肌肉！騎乘大賽馬上就要到了，我們一定要打敗夏侯惇，到時候讓她哭著求我這個騎乘天才入會，啊哈哈哈！」
132,孙尚香,馴貓日記三,「啊！！！可惡的夏侯惇！！！奇恥大辱！簡直是奇恥大辱！作為騎乘天才的我，竟然會輸給這個獨眼龍！而且她胸部長這麼大，分明是在嘲笑我平胸！我要報仇！我要報仇！哼，滾滾，都怪你！罰你三天的竹子和一個星期的盆盆奶！反對無效！」
133,祝融,秘密資料,"
[c][f55090]生日：[-][/c]4/1
[c][f55090]外表年齡：[-][/c]17
[c][f55090]討厭的禮物：[-][/c]骷髏抱枕、狐耳髮箍
[c][f55090]喜歡的禮物：[-][/c]布丁、火雞"
134,祝融,火神傳說一,祝融出生在一個不為人知的部落。部落以火為圖騰，崇拜火神。祝融出生時，天降大火，險些燒光了整個部落。火焰最終凝聚成了火精靈，守護在剛出生的祝融身旁。祝融被長老奉為聖女，成為火神在人間的代言人。
135,祝融,火神傳說二,長老悉心教育成為聖女的祝融，使其文才武備兼具。到祝融成年那天，長老將祝融帶入禁止族人踏入半步的神廟中，對外聲稱祝融將閉關修煉，感受火神的意志。隨著時光的流逝，祝融杳無音訊，她的名字仿佛也被族人慢慢遺忘了。而幽夢學園則不知何時起，多了一位豪氣干雲的少女……
136,祝融,火神傳說三,祝融性格豪爽，真誠待人，這讓她在學園中結交到了很多朋友和夥伴。但在她豪爽的笑聲之下，很少有人能察覺她眼神中的落寞與擔憂。祝融帶著使命來到幽夢學園，她知道這是她的命運，是她身為聖女不可推卸的責任，但她的內心深處，其實希望神廟預言中的那一天，永遠不要到來。
137,司马昭,秘密資料,"
[c][f55090]生日：[-][/c]11/1
[c][f55090]外表年齡：[-][/c]19
[c][f55090]討厭的禮物：[-][/c]火雞、天使光環
[c][f55090]喜歡的禮物：[-][/c]魚罐頭、骷髏抱枕"
138,司马昭,黑魔天賦,司馬昭似乎天生就對黑暗魔法有著與眾不同的興趣。在研究了大量的黑暗魔法文獻之後，她得出了結論：所謂的黑暗魔法與其他魔法並沒有什麼不同，所謂魔法的好壞與善惡，只是取決於使用的人和用途罷了。於是，她開始心安理得地修行各種黑暗魔法，成為了一名純正的黑暗魔法師。
139,司马昭,黑魔預言,在黑暗魔法中，司馬昭最擅長的是預言術。黑暗預言術分為多個流派，最具代表的是靠觀察星象進行占卜，而司馬昭的預言靠的是直覺。雖然沒有理論的支撐和系統的預言步驟，但司馬昭的預言準確性，並不差於于吉。
140,司马昭,黑暗未來,一次偶然的預言中，司馬昭看到了幽夢學園幽暗的未來。那是一片腥風血雨的淒慘影像，仿佛末日降臨。司馬昭心有餘悸，將預言的景象深深埋藏於心中，並暗中觀察這學園發生的各種事情，想要找到造成學園禍端的源頭。
141,于吉,秘密資料,"
[c][f55090]生日：[-][/c]11/1
[c][f55090]外表年齡：[-][/c]18
[c][f55090]討厭的禮物：[-][/c]提線人偶、天使光環
[c][f55090]喜歡的禮物：[-][/c]邪能果汁、吸血鬼面具"
142,于吉,惡魔代言人,如果有一個人能代表修羅學院給人們的印象，那這個人非于吉莫屬。腹黑、惡作劇、一肚子壞水兒，學園裡的人們大多避之唯恐不及。她隨身攜帶的巨大鐮刀，就是她的標誌，也是她身為惡魔代言人的象徵。
143,于吉,靈魂收割者,于吉心中有一個不能告訴任何人的秘密，為了這個秘密，她需要收集成千上萬的靈魂。無論是完整的靈魂，還是靈魂的一部分，只要被于吉嗅到有機可乘的味道，她便會像一隻禿鷲一樣，牢牢盯緊自己的獵物，收割那美味的靈魂。
144,于吉,伺機而動,戰爭的爆發間接提供了于吉大量收割靈魂的機會，但風紀委員會和DEF戰線在經過一番巨大的消耗後，似乎出現了打算暫時和解的跡象，這並不是于吉想要的結果。於是，于吉果斷投身其中，想要引發更多的混亂。
145,水镜,秘密資料,"
[c][f55090]生日：[-][/c]5/8
[c][f55090]外表年齡：[-][/c]17
[c][f55090]討厭的禮物：[-][/c]邪能果汁、苦無
[c][f55090]喜歡的禮物：[-][/c]布丁、天使光環"
146,水镜,潔癖患者,清純甜美的水鏡，像她的外表一樣，有一顆纖塵不染的內心。她不容許任何污穢、骯髒的東西存在於這個世界上。她有嚴重的潔癖，一天要洗三次澡。最喜歡的是奶油布丁，最討厭的是巧克力蛋糕。對學園最大的不滿就是設立了修羅學院。
147,水镜,目標修羅,水鏡原本以為自己討厭的是黑暗和邪惡的事物，但後來卻慢慢發現，原來自己是迷戀的，迷戀那些污穢、邪惡的事物被自己親手消滅的快感。在發覺自己的真正癖好後，水鏡對自己原先討厭的惡魔反倒升起了強烈的興趣。她看待修羅學院的學園的目光也從此變得不同。
148,水镜,苦惱的水鏡,讓水鏡心生矛盾與苦惱的是，她被一個修羅學院的學員救了。這份恩情，讓她如何立場堅定地去消滅修羅學院呢？水鏡陷入了沉思。後來她對自己說：「我只是想享受消滅修羅學院的快感，如果修羅學院真的毀滅了，我該怎麼持續獲得快樂呢？還是讓它繼續存在吧！」
149,汉灵帝,秘密資料,"
[c][f55090]生日：[-][/c]9/5
[c][f55090]外表年齡：[-][/c]18
[c][f55090]討厭的禮物：[-][/c]骷髏抱枕、記事本
[c][f55090]喜歡的禮物：[-][/c]提線人偶、苦無"
150,汉灵帝,傀儡大師,漢靈帝是當之無愧的傀儡天才。幽夢學園第一傀儡師的稱號非她莫屬。然而，醉心於傀儡也成為漢靈帝最大的弱點，使她原本就狂躁易怒的性格更加孤僻，完全無法與其他人交流。只有漢獻帝知道，她的姐姐原本並不是這樣的。
151,汉灵帝,啊，Darling,漢靈帝原本是一個溫文爾雅的大家閨秀，擁有豐富的學識和高雅的舉止。然而一場精心策劃的陰謀，將漢靈帝推入深淵。陷入絕境的漢靈帝瘋狂殺戮，但仍無法阻止最愛之人絕望地倒在血泊之中。於是，她拿起針線，將愛人的屍體製成了傀儡。傀儡製成的一刹那，那些愛恨情仇似乎都不重要了。「讓我們忘掉過去，從此再也沒有人能把我們分開了，啊，Darling~」
152,汉灵帝,姐妹之刺,漢靈帝是和妹妹漢獻帝一同來到幽夢學園的，但漢靈帝對自己的妹妹並沒有太多的感情。直到漢獻帝不堪重負，終於發狂之後，看到曾與自己朝夕相處的妹妹的慘狀，漢靈帝突然感覺內心像紮了一根尖刺一樣的疼痛。不知道是因為愧疚，還是為了尋找救贖，在繼續尋找仇人的同時，漢靈帝踏上了拯救妹妹的道路。
153,姜维,秘密資料,"
[c][f55090]生日：[-][/c]11/26
[c][f55090]外表年齡：[-][/c]16
[c][f55090]討厭的禮物：[-][/c]圍巾、生態瓶
[c][f55090]喜歡的禮物：[-][/c]SF眼鏡、鋼筆"
154,姜维,機械姜維,姜維從來都是一個人。與其說是一個人，不如說是一個機器人。她從來沒有喜怒哀樂的表情，總是一副冷冰冰的臉，在她身上，你找不到任何人類該有的感情。學員們從來不知道，姜維還有另外一個身份。
155,姜维,殺手姜維,對於一個殺手來說，「像個機器人」也許可以說是一種極高的讚揚。姜維就是這樣的一個殺手。姜維從有記憶起，就是不斷地在執行著暗殺的任務，她不知道她效忠的是誰，給她傳達任務的人從未露面過。但這種無需思考、只需要執行指令的日子，卻是讓姜維最自在的。
156,姜维,困惑姜維,經歷了多起由混沌體徵引發的混亂事件之後，姜維看著不同立場的學員們誇張的情感起伏，終於開始感到困惑。到底是什麼，讓她們產生那如滔天巨浪般的痛苦、憂傷、快樂、感動……看著表情變幻無窮的人們，姜維第一次想知道，擁有情感是什麼樣的感覺……
157,偃月,秘密資料,"
[c][f55090]生日：[-][/c]10/3
[c][f55090]外表年齡：[-][/c]17
[c][f55090]討厭的禮物：[-][/c]招財貓、吸血鬼面具
[c][f55090]喜歡的禮物：[-][/c]SF手槍、SF眼鏡"
158,偃月,反差少女,偃月雖然有著一身令無數學員羡慕的傲人身材，但性格上卻意外地呆萌。這種反差成為一種萌點，使偃月在學園中擁有著不小的名氣。學員們都很想與這個迷迷糊糊的傢伙成為朋友。很少有人知道，偃月其實還有另外一面。
159,偃月,勇猛果敢,每當面臨戰鬥的時候，偃月所表現出來的冷靜果敢，和她展現出來的強大戰鬥力，都會讓人大吃一驚。靈活的機動能力、正確的判斷力、以少敵多的英雄氣概……所有的這些不得不讓人承認：偃月是百年難得一見的戰鬥天才！
160,偃月,方天,偃月和方天有很多相似之處，她們都是科研室的常客，但兩人並沒有過多的交流。偃月對方天有一種惺惺相惜的感覺，但除此之外，隱隱約約還有一種天生的敵意。偃月一直不明白這是為什麼，難道是前世的恩仇嗎？真的有前世這種事情嗎？偃月其實也不太清楚。
161,伊达政宗,秘密資料,"
[c][f55090]生日：[-][/c]11/29
[c][f55090]外表年齡：[-][/c]18
[c][f55090]討厭的禮物：[-][/c]圍巾、櫻花扇
[c][f55090]喜歡的禮物：[-][/c]恐龍積木、持刀傘"
162,伊达政宗,軍事天才,伊達政宗喜好閱讀兵法，《孫子兵法》、《六韜》、《五輪書》等兵書都倒背如流，自詡『軍事天才』，常常因自己未生逢亂世而悲歎不已。最大的願望是征服世界，口頭禪是：「天下禦免！」
163,伊达政宗,戰爭狂魔,伊達政宗有強烈的妄想症，經常幻想兩軍對峙的場景，自己親率大軍，運籌帷幄，大敗敵軍。伊達政宗每每心滿意足後，便翩然而去，遭殃的則是那些被她挾持的學員和學園裡放養的雞鴨豬狗了。
164,伊达政宗,戰機降臨,隨著混沌體徴的加劇，風紀委員會和DEF戰線摩擦越來越大，學園中瀰漫著一股山雨欲來的氣息。伊達政宗滿心歡喜，覺得亂世終於要降臨了，她要抓緊時機招兵買馬，看來征服世界的時機終於要出現了！
165,左慈,秘密資料,"
[c][f55090]生日：[-][/c]9/6
[c][f55090]外表年齡：[-][/c]16
[c][f55090]討厭的禮物：[-][/c]持刀傘、雛菊髮夾
[c][f55090]喜歡的禮物：[-][/c]量子玫瑰、生態瓶"
166,左慈,道法大家,左慈雖然看上去年紀輕輕，但對道法的理解已經達到了天人合一的境界。左慈天生就擁有與自然萬物溝通的能力，因此她也具有強大的法力。許多對道術感興趣的學員想拜她為師，但都被她拒之門外。
167,左慈,愛好茶道,左慈最喜歡的事情，除了在山頭靜坐，就是與茶道社的好友一起烹茶飲茶，不過左慈並沒有加入茶道社，茶道社社長田豐雖然多次招徠，但都被左慈拒絕了。左慈的理由是：出家之人，不染凡塵。
168,左慈,守衛學園,左慈雖然崇尚無為，也經常將不染凡塵掛在嘴邊，但當風紀委員會與DEF戰線的戰鬥越演越烈，幽夢學園處境岌岌可危時，她仍然以能與自然萬物溝通的強大能力，為學園出一份力量，守衛學園的安寧，一時間，獲得她幫助的學員不計其數。
169,夏侯惇,秘密資料,"
[c][f55090]生日：[-][/c]10/19
[c][f55090]外表年齡：[-][/c]20
[c][f55090]討厭的禮物：[-][/c]恐龍積木、雛菊髮夾
[c][f55090]喜歡的禮物：[-][/c]魚罐頭、彈弓"
170,夏侯惇,年幼記事,夏侯惇從小生活在遼闊的大草原上，遊牧民族的血統，讓她天生具有強大的騎禦能力。相傳她5歲的時候，便獨自獵殺過一頭成年的巨狼。夏侯惇有一目失明，這是她的一個禁忌，沒有人知道原因。但黑色的眼罩反而增添了夏侯惇英姿颯爽的魅力。
171,夏侯惇,意氣相投,夏侯惇喜歡結交意氣相投的朋友，而她豪爽率真的性格，也使諸多朋友圍繞在她左右。只是過於豪爽卻不夠細心的個性，也經常會惹下一些解釋不清的誤會，讓她吃了不少苦頭，經常拎著禮物到不小心得罪了的學員那裡賠禮道歉，卻常常因為禮物太莫名其妙，又被認為是故意挑釁……
172,夏侯惇,騎乘冠軍,夏侯惇是幽夢學園騎乘協會的會長，更是蟬聯幽夢學園騎乘大賽多屆的冠軍，這在幽夢學園的歷史上是絕無僅有的榮譽。這也讓她受到了諸如孫尚香、孟獲等諸多學員的挑戰。但夏侯惇有強大的自信，她將繼續蟬聯下去。
173,曹芳,秘密資料,"
[c][f55090]生日：[-][/c]1/1
[c][f55090]外表年齡：[-][/c]15
[c][f55090]討厭的禮物：[-][/c]骷髏抱枕、吸血鬼面具
[c][f55090]喜歡的禮物：[-][/c]雛菊髮夾、手電筒"
174,赤兔,秘密資料,"
[c][f55090]生日：[-][/c]5/5
[c][f55090]外表年齡：[-][/c]15
[c][f55090]討厭的禮物：[-][/c]火雞、恐龍積木
[c][f55090]喜歡的禮物：[-][/c]招財貓、相機"
175,程普,秘密資料,"
[c][f55090]生日：[-][/c]6/30
[c][f55090]外表年齡：[-][/c]14
[c][f55090]討厭的禮物：[-][/c]遊戲機、故事書
[c][f55090]喜歡的禮物：[-][/c]溜溜球、狐耳髮箍"
176,韩遂,秘密資料,"
[c][f55090]生日：[-][/c]1/26
[c][f55090]外表年齡：[-][/c]17
[c][f55090]討厭的禮物：[-][/c]提線人偶、天使光環
[c][f55090]喜歡的禮物：[-][/c]魚罐頭、SF手槍"
177,孔融,秘密資料,"
[c][f55090]生日：[-][/c]7/8
[c][f55090]外表年齡：[-][/c]14
[c][f55090]討厭的禮物：[-][/c]薯條、稀有護符
[c][f55090]喜歡的禮物：[-][/c]狐耳髮箍、鋼筆"
178,廖化,秘密資料,"
[c][f55090]生日：[-][/c]9/29
[c][f55090]外表年齡：[-][/c]17
[c][f55090]討厭的禮物：[-][/c]吸血鬼面具、仙人掌
[c][f55090]喜歡的禮物：[-][/c]稀有護符、圍巾"
179,马超,秘密資料,"
[c][f55090]生日：[-][/c]4/26
[c][f55090]外表年齡：[-][/c]20
[c][f55090]討厭的禮物：[-][/c]布丁、幸運手繩
[c][f55090]喜歡的禮物：[-][/c]神秘藥水、生態瓶"
180,祢衡,秘密資料,"
[c][f55090]生日：[-][/c]6/6
[c][f55090]外表年齡：[-][/c]18
[c][f55090]討厭的禮物：[-][/c]棋子、生態瓶
[c][f55090]喜歡的禮物：[-][/c]神秘藥水、故事書"
181,阮籍,秘密資料,"
[c][f55090]生日：[-][/c]8/28
[c][f55090]外表年齡：[-][/c]13
[c][f55090]討厭的禮物：[-][/c]咖啡、手電筒
[c][f55090]喜歡的禮物：[-][/c]神秘藥水、狐耳髮箍"
182,孙坚,秘密資料,"
[c][f55090]生日：[-][/c]8/15
[c][f55090]外表年齡：[-][/c]18
[c][f55090]討厭的禮物：[-][/c]雛菊髮夾、狐面
[c][f55090]喜歡的禮物：[-][/c]持刀傘、記事本"
183,王平,秘密資料,"
[c][f55090]生日：[-][/c]11/30
[c][f55090]外表年齡：[-][/c]13
[c][f55090]討厭的禮物：[-][/c]咖啡、生態瓶
[c][f55090]喜歡的禮物：[-][/c]神秘藥水、恐龍積木"
184,王双,秘密資料,"
[c][f55090]生日：[-][/c]4/4
[c][f55090]外表年齡：[-][/c]17
[c][f55090]討厭的禮物：[-][/c]彈弓、仙人掌
[c][f55090]喜歡的禮物：[-][/c]神秘藥水、魚罐頭"
185,文丑,秘密資料,"
[c][f55090]生日：[-][/c]5/4
[c][f55090]外表年齡：[-][/c]14
[c][f55090]討厭的禮物：[-][/c]咖啡、牛角麵包
[c][f55090]喜歡的禮物：[-][/c]狐面、苦無"
186,夏侯玄,秘密資料,"
[c][f55090]生日：[-][/c]7/28
[c][f55090]外表年齡：[-][/c]18
[c][f55090]討厭的禮物：[-][/c]布丁、紅茶
[c][f55090]喜歡的禮物：[-][/c]SF眼鏡、相機"
187,颜良,秘密資料,"
[c][f55090]生日：[-][/c]5/4
[c][f55090]外表年齡：[-][/c]17
[c][f55090]討厭的禮物：[-][/c]SF手槍、手電筒
[c][f55090]喜歡的禮物：[-][/c]狐面、苦無"
188,杨修,秘密資料,"
[c][f55090]生日：[-][/c]9/8
[c][f55090]外表年齡：[-][/c]14
[c][f55090]討厭的禮物：[-][/c]薯條、故事書
[c][f55090]喜歡的禮物：[-][/c]提線人偶、棋子"
189,玉兔,秘密資料,"
[c][f55090]生日：[-][/c]8/16
[c][f55090]外表年齡：[-][/c]15
[c][f55090]討厭的禮物：[-][/c]火雞、雛菊髮夾
[c][f55090]喜歡的禮物：[-][/c]薯條、稀有護符"
190,张春华,秘密資料,"
[c][f55090]生日：[-][/c]7/7
[c][f55090]外表年齡：[-][/c]20
[c][f55090]討厭的禮物：[-][/c]布丁、相機
[c][f55090]喜歡的禮物：[-][/c]量子玫瑰、雛菊髮夾"
191,周泰,秘密資料,"
[c][f55090]生日：[-][/c]6/18
[c][f55090]外表年齡：[-][/c]19
[c][f55090]討厭的禮物：[-][/c]雛菊髮夾、維修工具
[c][f55090]喜歡的禮物：[-][/c]神秘藥水、量子玫瑰"
192,朱然,秘密資料,"
[c][f55090]生日：[-][/c]7/18
[c][f55090]外表年齡：[-][/c]17
[c][f55090]討厭的禮物：[-][/c]雛菊髮夾、相機
[c][f55090]喜歡的禮物：[-][/c]魚罐頭、狐面"
193,爱德华,秘密資料,"
[c][f55090]生日：[-][/c]10/30
[c][f55090]外表年齡：[-][/c]15
[c][f55090]討厭的禮物：[-][/c]溜溜球、持刀傘
[c][f55090]喜歡的禮物：[-][/c]SF眼鏡、記事本"
194,曹冲,秘密資料,"
[c][f55090]生日：[-][/c]11/2
[c][f55090]外表年齡：[-][/c]14
[c][f55090]討厭的禮物：[-][/c]棋子、記事本
[c][f55090]喜歡的禮物：[-][/c]溜溜球、遊戲機"
195,曹洪,秘密資料,"
[c][f55090]生日：[-][/c]8/16
[c][f55090]外表年齡：[-][/c]16
[c][f55090]討厭的禮物：[-][/c]狐耳髮箍、故事書
[c][f55090]喜歡的禮物：[-][/c]布丁、咖啡"
196,陈登,秘密資料,"
[c][f55090]生日：[-][/c]9/2
[c][f55090]外表年齡：[-][/c]20
[c][f55090]討厭的禮物：[-][/c]恐龍積木、提線人偶
[c][f55090]喜歡的禮物：[-][/c]朗姆酒、咖啡"
197,典韦,秘密資料,"
[c][f55090]生日：[-][/c]2/4
[c][f55090]外表年齡：[-][/c]17
[c][f55090]討厭的禮物：[-][/c]溜溜球、稀有護符
[c][f55090]喜歡的禮物：[-][/c]雛菊髮夾、苦無"
198,郭图,秘密資料,"
[c][f55090]生日：[-][/c]2/15
[c][f55090]外表年齡：[-][/c]19
[c][f55090]討厭的禮物：[-][/c]遊戲機、SF眼鏡
[c][f55090]喜歡的禮物：[-][/c]提線人偶、記事本"
199,韩当,秘密資料,"
[c][f55090]生日：[-][/c]3/9
[c][f55090]外表年齡：[-][/c]16
[c][f55090]討厭的禮物：[-][/c]神秘藥水、邪能果汁
[c][f55090]喜歡的禮物：[-][/c]雛菊髮夾、故事書"
200,何进,秘密資料,"
[c][f55090]生日：[-][/c]3/8
[c][f55090]外表年齡：[-][/c]18
[c][f55090]討厭的禮物：[-][/c]朗姆酒、牛角麵包
[c][f55090]喜歡的禮物：[-][/c]稀有護符、苦無"
201,胡车儿,秘密資料,"
[c][f55090]生日：[-][/c]12/26
[c][f55090]外表年齡：[-][/c]17
[c][f55090]討厭的禮物：[-][/c]量子玫瑰、圍巾
[c][f55090]喜歡的禮物：[-][/c]布丁、幸運手繩"
202,黄盖,秘密資料,"
[c][f55090]生日：[-][/c]10/5
[c][f55090]外表年齡：[-][/c]16
[c][f55090]討厭的禮物：[-][/c]招財貓、狐耳髮箍
[c][f55090]喜歡的禮物：[-][/c]溜溜球、鋼筆"
203,纪灵,秘密資料,"
[c][f55090]生日：[-][/c]6/7
[c][f55090]外表年齡：[-][/c]14
[c][f55090]討厭的禮物：[-][/c]記事本、櫻花扇
[c][f55090]喜歡的禮物：[-][/c]牛角麵包、彈弓"
204,刘禅,秘密資料,"
[c][f55090]生日：[-][/c]4/7
[c][f55090]外表年齡：[-][/c]17
[c][f55090]討厭的禮物：[-][/c]咖啡、魚罐頭
[c][f55090]喜歡的禮物：[-][/c]布丁、薯條"
205,马良,秘密資料,"
[c][f55090]生日：[-][/c]8/8
[c][f55090]外表年齡：[-][/c]15
[c][f55090]討厭的禮物：[-][/c]量子玫瑰、鋼筆
[c][f55090]喜歡的禮物：[-][/c]故事書、相機"
206,庞会,秘密資料,"
[c][f55090]生日：[-][/c]9/9
[c][f55090]外表年齡：[-][/c]19
[c][f55090]討厭的禮物：[-][/c]神秘藥水、紅茶
[c][f55090]喜歡的禮物：[-][/c]持刀傘、幸運手繩"
207,孙策,秘密資料,"
[c][f55090]生日：[-][/c]10/18
[c][f55090]外表年齡：[-][/c]17
[c][f55090]討厭的禮物：[-][/c]SF手槍、彈弓
[c][f55090]喜歡的禮物：[-][/c]牛角麵包、量子玫瑰"
208,小乔,秘密資料,"
[c][f55090]生日：[-][/c]6/3
[c][f55090]外表年齡：[-][/c]15
[c][f55090]討厭的禮物：[-][/c]圍巾、鋼筆
[c][f55090]喜歡的禮物：[-][/c]量子玫瑰、雛菊髮夾"
209,徐晃,秘密資料,"
[c][f55090]生日：[-][/c]7/21
[c][f55090]外表年齡：[-][/c]22
[c][f55090]討厭的禮物：[-][/c]紅茶、幸運手繩
[c][f55090]喜歡的禮物：[-][/c]招財貓、骷髏抱枕"
210,荀攸,秘密資料,"
[c][f55090]生日：[-][/c]8/13
[c][f55090]外表年齡：[-][/c]14
[c][f55090]討厭的禮物：[-][/c]天使光環、維修工具
[c][f55090]喜歡的禮物：[-][/c]邪能果汁、手電筒"
211,甄姬,秘密資料,"
[c][f55090]生日：[-][/c]12/9
[c][f55090]外表年齡：[-][/c]20
[c][f55090]討厭的禮物：[-][/c]牛角麵包、招財貓
[c][f55090]喜歡的禮物：[-][/c]紅茶、幸運手繩"
212,织田信奈,秘密資料,"
[c][f55090]生日：[-][/c]1/1
[c][f55090]外表年齡：[-][/c]14
[c][f55090]討厭的禮物：[-][/c]魚罐頭、櫻花扇
[c][f55090]喜歡的禮物：[-][/c]SF手槍、持刀傘"
213,步练师,秘密資料,"
[c][f55090]生日：[-][/c]2/13
[c][f55090]外表年齡：[-][/c]15
[c][f55090]討厭的禮物：[-][/c]鋼筆、相機
[c][f55090]喜歡的禮物：[-][/c]幸運手繩、櫻花扇"
214,曹休,秘密資料,"
[c][f55090]生日：[-][/c]3/9
[c][f55090]外表年齡：[-][/c]13
[c][f55090]討厭的禮物：[-][/c]恐龍積木、狐耳髮箍
[c][f55090]喜歡的禮物：[-][/c]招財貓、維修工具"
215,蒋干,秘密資料,"
[c][f55090]生日：[-][/c]12/28
[c][f55090]外表年齡：[-][/c]16
[c][f55090]討厭的禮物：[-][/c]恐龍積木、提線人偶
[c][f55090]喜歡的禮物：[-][/c]骷髏抱枕、生態瓶"
216,凌统,秘密資料,"
[c][f55090]生日：[-][/c]1/25
[c][f55090]外表年齡：[-][/c]16
[c][f55090]討厭的禮物：[-][/c]神秘藥水、恐龍積木
[c][f55090]喜歡的禮物：[-][/c]提線人偶、維修工具"
217,鲁肃,秘密資料,"
[c][f55090]生日：[-][/c]1/23
[c][f55090]外表年齡：[-][/c]16
[c][f55090]討厭的禮物：[-][/c]薯條、SF手槍
[c][f55090]喜歡的禮物：[-][/c]稀有護符、維修工具"
218,马云禄,秘密資料,"
[c][f55090]生日：[-][/c]2/5
[c][f55090]外表年齡：[-][/c]19
[c][f55090]討厭的禮物：[-][/c]招財貓、生態瓶
[c][f55090]喜歡的禮物：[-][/c]量子玫瑰、仙人掌"
219,毛利元就,秘密資料,"
[c][f55090]生日：[-][/c]3/7
[c][f55090]外表年齡：[-][/c]19
[c][f55090]討厭的禮物：[-][/c]狐面、SF眼鏡
[c][f55090]喜歡的禮物：[-][/c]幸運手繩、苦無"
220,沙摩柯,秘密資料,"
[c][f55090]生日：[-][/c]3/16
[c][f55090]外表年齡：[-][/c]17
[c][f55090]討厭的禮物：[-][/c]相機、苦無
[c][f55090]喜歡的禮物：[-][/c]紅茶、吸血鬼面具"
221,司马师,秘密資料,"
[c][f55090]生日：[-][/c]4/13
[c][f55090]外表年齡：[-][/c]16
[c][f55090]討厭的禮物：[-][/c]薯條、手電筒
[c][f55090]喜歡的禮物：[-][/c]牛角麵包、鋼筆"
222,万圣女巫,秘密資料,"
[c][f55090]生日：[-][/c]5/14
[c][f55090]外表年齡：[-][/c]16
[c][f55090]討厭的禮物：[-][/c]持刀傘、幸運手繩
[c][f55090]喜歡的禮物：[-][/c]火雞、棋子"
223,王允,秘密資料,"
[c][f55090]生日：[-][/c]6/15
[c][f55090]外表年齡：[-][/c]13
[c][f55090]討厭的禮物：[-][/c]彈弓、仙人掌
[c][f55090]喜歡的禮物：[-][/c]持刀傘、生態瓶"
224,文聘,秘密資料,"
[c][f55090]生日：[-][/c]8/20
[c][f55090]外表年齡：[-][/c]18
[c][f55090]討厭的禮物：[-][/c]幸運手繩、稀有護符
[c][f55090]喜歡的禮物：[-][/c]朗姆酒、紅茶"
225,夏侯霸,秘密資料,"
[c][f55090]生日：[-][/c]9/21
[c][f55090]外表年齡：[-][/c]16
[c][f55090]討厭的禮物：[-][/c]魚罐頭、手電筒
[c][f55090]喜歡的禮物：[-][/c]薯條、遊戲機"
226,猿飞佐助,秘密資料,"
[c][f55090]生日：[-][/c]12/10
[c][f55090]外表年齡：[-][/c]17
[c][f55090]討厭的禮物：[-][/c]SF手槍、記事本
[c][f55090]喜歡的禮物：[-][/c]招財貓、苦無"
227,张宝,秘密資料,"
[c][f55090]生日：[-][/c]1/2
[c][f55090]外表年齡：[-][/c]15
[c][f55090]討厭的禮物：[-][/c]朗姆酒、布丁
[c][f55090]喜歡的禮物：[-][/c]溜溜球、圍巾"
228,张角,秘密資料,"
[c][f55090]生日：[-][/c]2/3
[c][f55090]外表年齡：[-][/c]15
[c][f55090]討厭的禮物：[-][/c]溜溜球、櫻花扇
[c][f55090]喜歡的禮物：[-][/c]圍巾、苦無"
229,张梁,秘密資料,"
[c][f55090]生日：[-][/c]3/29
[c][f55090]外表年齡：[-][/c]14
[c][f55090]討厭的禮物：[-][/c]神秘藥水、紅茶
[c][f55090]喜歡的禮物：[-][/c]提線人偶、彈弓"
230,钟会,秘密資料,"
[c][f55090]生日：[-][/c]7/31
[c][f55090]外表年齡：[-][/c]12
[c][f55090]討厭的禮物：[-][/c]SF手槍、故事書
[c][f55090]喜歡的禮物：[-][/c]棋子、招財貓"
231,诸葛瑾,秘密資料,"
[c][f55090]生日：[-][/c]8/31
[c][f55090]外表年齡：[-][/c]18
[c][f55090]討厭的禮物：[-][/c]SF眼鏡、苦無
[c][f55090]喜歡的禮物：[-][/c]棋子、仙人掌"
232,步骘,秘密資料,"
[c][f55090]生日：[-][/c]10/9
[c][f55090]外表年齡：[-][/c]13
[c][f55090]討厭的禮物：[-][/c]彈弓、狐面
[c][f55090]喜歡的禮物：[-][/c]招財貓、鋼筆"
233,曹性,秘密資料,"
[c][f55090]生日：[-][/c]11/8
[c][f55090]外表年齡：[-][/c]19
[c][f55090]討厭的禮物：[-][/c]鋼筆、記事本
[c][f55090]喜歡的禮物：[-][/c]彈弓、狐耳髮箍"
234,丁奉,秘密資料,"
[c][f55090]生日：[-][/c]12/10
[c][f55090]外表年齡：[-][/c]12
[c][f55090]討厭的禮物：[-][/c]招財貓、稀有護符
[c][f55090]喜歡的禮物：[-][/c]火雞、幸運手繩"
235,高顺,秘密資料,"
[c][f55090]生日：[-][/c]1/11
[c][f55090]外表年齡：[-][/c]15
[c][f55090]討厭的禮物：[-][/c]仙人掌、相機
[c][f55090]喜歡的禮物：[-][/c]量子玫瑰、維修工具"
236,公孙瓒,秘密資料,"
[c][f55090]生日：[-][/c]2/26
[c][f55090]外表年齡：[-][/c]17
[c][f55090]討厭的禮物：[-][/c]彈弓、火雞
[c][f55090]喜歡的禮物：[-][/c]朗姆酒、棋子"
237,管辂,秘密資料,"
[c][f55090]生日：[-][/c]3/1
[c][f55090]外表年齡：[-][/c]18
[c][f55090]討厭的禮物：[-][/c]棋子、量子玫瑰
[c][f55090]喜歡的禮物：[-][/c]SF手槍、櫻花扇"
238,何太后,秘密資料,"
[c][f55090]生日：[-][/c]12/31
[c][f55090]外表年齡：[-][/c]14
[c][f55090]討厭的禮物：[-][/c]朗姆酒、遊戲機
[c][f55090]喜歡的禮物：[-][/c]鋼筆、仙人掌"
239,华雄,秘密資料,"
[c][f55090]生日：[-][/c]4/19
[c][f55090]外表年齡：[-][/c]12
[c][f55090]討厭的禮物：[-][/c]骷髏抱枕、圍巾
[c][f55090]喜歡的禮物：[-][/c]恐龍積木、手電筒"
240,蒋钦,秘密資料,"
[c][f55090]生日：[-][/c]5/21
[c][f55090]外表年齡：[-][/c]14
[c][f55090]討厭的禮物：[-][/c]幸運手繩、稀有護符
[c][f55090]喜歡的禮物：[-][/c]故事書、手電筒"
241,李典,秘密資料,"
[c][f55090]生日：[-][/c]6/21
[c][f55090]外表年齡：[-][/c]13
[c][f55090]討厭的禮物：[-][/c]提線人偶、維修工具
[c][f55090]喜歡的禮物：[-][/c]遊戲機、骷髏抱枕"
242,卢植,秘密資料,"
[c][f55090]生日：[-][/c]7/11
[c][f55090]外表年齡：[-][/c]17
[c][f55090]討厭的禮物：[-][/c]溜溜球、幸運手繩
[c][f55090]喜歡的禮物：[-][/c]薯條、狐面"
243,马谡,秘密資料,"
[c][f55090]生日：[-][/c]3/3
[c][f55090]外表年齡：[-][/c]13
[c][f55090]討厭的禮物：[-][/c]咖啡、魚罐頭
[c][f55090]喜歡的禮物：[-][/c]朗姆酒、稀有護符"
244,梅英毒,秘密資料,"
[c][f55090]生日：[-][/c]9/11
[c][f55090]外表年齡：[-][/c]17
[c][f55090]討厭的禮物：[-][/c]布丁、苦無
[c][f55090]喜歡的禮物：[-][/c]朗姆酒、圍巾"
245,潘凤,秘密資料,"
[c][f55090]生日：[-][/c]10/21
[c][f55090]外表年齡：[-][/c]12
[c][f55090]討厭的禮物：[-][/c]維修工具、櫻花扇
[c][f55090]喜歡的禮物：[-][/c]恐龍積木、提線人偶"
246,田丰,秘密資料,"
[c][f55090]生日：[-][/c]6/6
[c][f55090]外表年齡：[-][/c]12
[c][f55090]討厭的禮物：[-][/c]遊戲機、狐耳髮箍
[c][f55090]喜歡的禮物：[-][/c]彈弓、生態瓶"
247,王元姬,秘密資料,"
[c][f55090]生日：[-][/c]8/5
[c][f55090]外表年齡：[-][/c]15
[c][f55090]討厭的禮物：[-][/c]骷髏抱枕、苦無
[c][f55090]喜歡的禮物：[-][/c]生態瓶、櫻花扇"
248,徐盛,秘密資料,"
[c][f55090]生日：[-][/c]6/16
[c][f55090]外表年齡：[-][/c]16
[c][f55090]討厭的禮物：[-][/c]牛角麵包、魚罐頭
[c][f55090]喜歡的禮物：[-][/c]吸血鬼面具、維修工具"
249,袁术,秘密資料,"
[c][f55090]生日：[-][/c]8/18
[c][f55090]外表年齡：[-][/c]12
[c][f55090]討厭的禮物：[-][/c]溜溜球、狐耳髮箍
[c][f55090]喜歡的禮物：[-][/c]牛角麵包、紅茶"
250,张仲景,秘密資料,"
[c][f55090]生日：[-][/c]6/23
[c][f55090]外表年齡：[-][/c]15
[c][f55090]討厭的禮物：[-][/c]彈弓、稀有護符
[c][f55090]喜歡的禮物：[-][/c]手電筒、記事本"
251,钟繇,秘密資料,"
[c][f55090]生日：[-][/c]5/26
[c][f55090]外表年齡：[-][/c]16
[c][f55090]討厭的禮物：[-][/c]持刀傘、SF眼鏡
[c][f55090]喜歡的禮物：[-][/c]記事本、櫻花扇"
252,曹叡,秘密資料,"
[c][f55090]生日：[-][/c]6/4
[c][f55090]外表年齡：[-][/c]19
[c][f55090]討厭的禮物：[-][/c]布丁、天使光環
[c][f55090]喜歡的禮物：[-][/c]邪能果汁、朗姆酒"
253,郭嘉,秘密資料,"
[c][f55090]生日：[-][/c]8/19
[c][f55090]外表年齡：[-][/c]15
[c][f55090]討厭的禮物：[-][/c]彈弓、天使光環
[c][f55090]喜歡的禮物：[-][/c]邪能果汁、牛角麵包"
254,李儒,秘密資料,"
[c][f55090]生日：[-][/c]8/3
[c][f55090]外表年齡：[-][/c]14
[c][f55090]討厭的禮物：[-][/c]天使光環、手電筒
[c][f55090]喜歡的禮物：[-][/c]邪能果汁、吸血鬼面具"
255,王朗,秘密資料,"
[c][f55090]生日：[-][/c]9/10
[c][f55090]外表年齡：[-][/c]18
[c][f55090]討厭的禮物：[-][/c]天使光環、苦無
[c][f55090]喜歡的禮物：[-][/c]邪能果汁、火雞"
256,嫦娥,秘密資料,"
[c][f55090]生日：[-][/c]8/15
[c][f55090]外表年齡：[-][/c]17
[c][f55090]討厭的禮物：[-][/c]牛角麵包、火雞
[c][f55090]喜歡的禮物：[-][/c]咖啡、圍巾"
257,程昱,秘密資料,"
[c][f55090]生日：[-][/c]10/10
[c][f55090]外表年齡：[-][/c]18
[c][f55090]討厭的禮物：[-][/c]邪能果汁、提線人偶
[c][f55090]喜歡的禮物：[-][/c]布丁、天使光環"
258,法正,秘密資料,"
[c][f55090]生日：[-][/c]11/15
[c][f55090]外表年齡：[-][/c]14
[c][f55090]討厭的禮物：[-][/c]邪能果汁、招財貓
[c][f55090]喜歡的禮物：[-][/c]天使光環、手電筒"
259,庞统,秘密資料,"
[c][f55090]生日：[-][/c]12/2
[c][f55090]外表年齡：[-][/c]18
[c][f55090]討厭的禮物：[-][/c]朗姆酒、邪能果汁
[c][f55090]喜歡的禮物：[-][/c]天使光環、仙人掌"
260,张昭,秘密資料,"
[c][f55090]生日：[-][/c]1/8
[c][f55090]外表年齡：[-][/c]14
[c][f55090]討厭的禮物：[-][/c]邪能果汁、維修工具
[c][f55090]喜歡的禮物：[-][/c]天使光環、仙人掌"
261,诸葛亮,秘密資料,"
[c][f55090]生日：[-][/c]5/4
[c][f55090]外表年齡：[-][/c]14
[c][f55090]討厭的禮物：[-][/c]恐龍積木、彈弓
[c][f55090]喜歡的禮物：[-][/c]圍巾、櫻花扇"
262,诸葛亮,才女,諸葛亮是幽夢學園的學生會長，同時也參加了音樂社團。她的性格有些傲嬌，說話會盡量讓自己顯得老成，但實際上是個很需要朋友、很怕寂寞的少女。她的智商異於常人的高，平時除了在音樂教室練習，就是默默地在思考著高深的問題。
263,诸葛亮,學生會長,諸葛亮一入學後，就連續三次在學院考試中名列第一，因而受邀加入了學生會。在她成為學生會長後，每次學生會開會時，她從不到場。因為在她留給與會人員的筆記中，已經記錄了需要討論的內容以及詳細的解決方案，這不得不令大家對她的計算感到佩服。
264,诸葛亮,同伴,據說諸葛亮加入音樂社是爲了追尋一陣偶然聽到的琴聲。那陣如風鈴般悅耳的琴聲，讓她與另一位外表柔弱，而內心聰慧的少女以琴聲交心，並成為好友。而那位狐耳的好友，也在混沌體徵爆發後，為了拯救因接觸混沌體徵患者而遭到感染的諸葛亮，聯合其他同伴展開了行動。
265,邓艾,秘密資料,"
[c][f55090]生日：[-][/c]2/28
[c][f55090]外表年齡：[-][/c]17
[c][f55090]討厭的禮物：[-][/c]稀有護符、仙人掌
[c][f55090]喜歡的禮物：[-][/c]牛角麵包、持刀傘"
266,邓艾,劍士,鄧艾是一名劍士。她正直勇敢、強大自信，以前常常活躍在學園的競技場裡，參加各種挑戰或比賽。她還與現在聲望如日中天的曹操私下交手過，但未分勝負。而在那之後，她突然就離開了競技場，默默的練習起劍術，據說是爲了應對某個比曹操更強大的敵人。
267,邓艾,冰霜之主,鄧艾平時只會使用簡單的揮砍進行戰鬥，所以只有少數人知道，她其實還有著更為強大的能力。我有幸和她一起執行過一次任務，當時有數個敵人在一個山洞中包圍了我們，而正當我開始思考對策時，她只原地施展了一次劍舞，留下一句「我們已經贏了~」便轉身離去。伴隨著那聲音的迴響，我的眼睛感覺到有些乾燥，眨了眨眼才看清周圍的情況：整個山洞裡的水份仿佛被抽乾了一般，彙聚到之前敵人所在的位置，變成了一粒粒的冰渣，還泛著陣陣寒氣……
268,邓艾,強者,鄧艾總是拒絕各類組織的加入邀請，因為她說自己不需要同伴。她的理論是強者只會追求勝利與美人，所以她不是在競技場爭鬥就是在和貂蟬聊天。同樣身為學園裡的「老古董」，他們倆之間的關係十分要好，最近貂蟬還在其課堂上告誡大家不要打擾了鄧艾的練習。\n前兩天，我終於按捺不住心中的好奇，去問了鄧艾她最近到底是爲了什麽在練習，但她一句都沒回答我，就跟著曹操走掉了。以他們最近總是神秘兮兮的樣子來看，我應該是沒辦法再問出更多的情報來了。
269,千本櫻,秘密資料,"
[c][f55090]生日：[-][/c]3/29
[c][f55090]外表年齡：[-][/c]17
[c][f55090]討厭的禮物：[-][/c]SF手槍、SF眼鏡
[c][f55090]喜歡的禮物：[-][/c]朗姆酒、櫻花扇"
270,千本櫻,櫻花控,千本櫻給大多數人的印象，是個高冷而嚴肅的櫻花控。她的頭飾、衣服花紋甚至武器，都有櫻花圖案。據許褚說，她沒有喜歡的書或是影像作品，只喜歡欣賞花的綻放。她還喜歡吃『櫻花糰子』，但學園裡似乎沒人會做這個。
271,千本櫻,日常,對於千本櫻，我也是與她熟悉後才發現，她實際上是一個很溫柔的人，只是有些不擅長交際罷了。她以前似乎沒怎麼見過高科技的事物，也對各種機器有些排斥，所以有很長一段時間，她的生活除了默默學習、默默舞劍，就是去跟著園藝社一起四處照料學園裡的櫻花樹，和其他人基本上沒有交集。
272,千本櫻,人氣,我記得千本櫻是在一次櫻花盛開之日突然出現在學園裡的。那日，春風吹拂起萬千櫻花，花瓣在天地間嬉戲，許多學園的學生們先後看到了一個陌生的身影穿梭在櫻雨中。她揮舞著櫻色長刃，和著鋼刃的破空聲、腳步舞動的踏地聲、風和櫻落的沙沙聲，似乎與天地融為一體。有人說她就是櫻花之神，也有人說她是新生在學園裡的精靈，雖然真相無人知曉，但可以肯定的是，千本櫻的人氣從那時起就居高不下了。
273,黄月英,秘密資料,"
[c][f55090]生日：[-][/c]5/23
[c][f55090]外表年齡：[-][/c]15
[c][f55090]討厭的禮物：[-][/c]火雞、魚罐頭
[c][f55090]喜歡的禮物：[-][/c]稀有護符、圍巾"
274,黄月英,動物保護社,動物保護社是一個新興的社團，新入學的黃月英便是這個社團的社長。她身邊有一隻名叫巴魯的小狗，但似乎她本人稱其為使魔。社團的成員主要是孫尚香、夏侯惇等原來關係就比較要好的有寵一族，以前只是小規模活動的他們，在黃月英到來後迅速地擴大了活動範圍。我不太清楚他們爲了保護動物是否真的需要經常去到一些人跡罕至的區域，但黃月英最近頻繁出入實驗室的舉動著實令我疑惑，不會是打著保護動物旗號而進行的秘密研究吧？我需要去調查一下~
275,黄月英,偷聽到的談話,"
「你做的這些餅乾真的有效果嗎？不能只是你的巴魯喜歡吃就行了啊！」「別擔心，就算沒效果，對那些小傢伙、還有你的滾滾來說，也是足夠的美味午餐了~」
……
「我們拿這些新做的彩色餅乾去讓上次遇到的機械小傢伙嘗嘗吧，這次說不定能成功地讓牠進化了呢。」「夏侯惇，雖然你只有一隻眼睛，但是也不至於把我的鑽石看成餅乾吧！」
……
「月英，根據你的研究，那些小傢伙本是學園這片土地上的原住民們，但為何數量如此稀少，連身體也如此羸弱？」「造成現在情況的原因可能是空間能量的洩露，但我也不太清楚以前到底發生過什麽，目前我們能做的，只有盡量地讓那些小傢伙恢復活力了。」"
276,黄月英,使魔專家,黃月英確實是動物方面的專家，她的研究成果，如今你只需要看看校園裡逐漸增多的動物便可以見識到。她把這些動物稱為『使魔』，據說是因為這些動物都有著遠超其平凡外表的實力，只需要悉心照料，便可以作為新的戰力幫助大家守護最近這不太安寧的校園。餅乾有黃色和藍色兩款，是針對使魔的特性添加了不同的原料。雖然是給使魔吃的東西，但似乎人吃了也沒什麽問題。我是沒吃過，不過據小道消息指出，藍色的更好吃，黃月英餵給巴魯的就是藍色餅乾，甚至還有人見過她自己就在吃著藍色的餅乾……
277,郭嘉,交流,獲得跟郭嘉交流的機會是件很難的事，僅僅是在我向她說明來意時就被她捉弄了三次。當我提出這個『採訪』能讓打擾她的人變少後，她終於答應了和我聊兩句，而這時我的鋼筆和髮夾早已被她身旁的小幽靈偷走了……
278,郭嘉,幽靈？,郭嘉是個幽靈，至少她所表露的特徵讓人們一直這麼認為。她應該只能待在那間早已廢棄的宿舍裡，因為從未有人在其他地方見過她的身影。她大概也太喜歡陽光一類光明的事物，因為從未有人看見她待的那個房間開過窗戶。她應該很討厭人類，因為很多人都說她會捉弄進到她房間裡的人直到將其趕出去。
279,郭嘉,幽靈！,郭嘉確實是個幽靈，快樂的幽靈。她會因為成為幽靈後不再拘束於肉體而開心，也會因為有了一起玩耍的幽靈朋友『一號』和『二號』而開心，還會因為不用再受到各種人異樣的眼光而開心。她被束縛在那個房間很久了，甚至都不太清楚房間之外的學園的事情，單純的有些社交恐懼。我跟她約好了，下次帶路西法去和她聊聊。修羅學院對她蠻感興趣的，而加入學園後就能受到學園規定的保護，肯定能讓大多數因為好奇而想去打擾她的人們打消念頭了。
280,庞统,路痴,龐統是個純度100%的路痴，屬於出門完全找不到路的那種。我第一次見到她是在圖書館，即使我帶著她走了三遍路線，她依舊是沒多久就亮起那閃耀的火焰迫使我過去幫她找去往歷史書書架的路。
281,庞统,發呆,不僅僅是沒方向感，龐統的注意力似乎也很難集中，經常性地發呆。和她溝通，往往沒兩句話，你就能發現她的意識已經飄走了，只是機械地附和著你的話。她看上去心事重重，似乎還在追查著什麽秘密，只有跟她交流學園歷史相關的話題時，發呆的情況才有所好轉。
282,庞统,傳說,在經歷了前些日子的那場混沌侵襲後，學園裡有關混沌體徵的討論和故事便逐漸多了起來。有一支神秘的精英部隊一直在各類故事中流傳著，而龐統在傳言中便是那支精英部隊的領袖之一，『重生炎姬』。這些傳說究竟從何處流傳出來、真假又各有幾分，目前還不得而知，但龐統學姐一直以來的表現確實能算得上可疑，所以我覺得對她的調查應該繼續下去。
283,吕玲绮,秘密資料,"
[c][f55090]生日：[-][/c]5/20
[c][f55090]外表年齡：[-][/c]17
[c][f55090]討厭的禮物：[-][/c]骷髏抱枕、相機
[c][f55090]喜歡的禮物：[-][/c]鋼筆、苦無"
284,吕玲绮,狂氣毒蜂,呂玲綺有著『狂氣毒蜂』的稱號，有這樣的一個稱號，除了她那柄拉風的武器外，就是因為她那極強的破壞欲了。據說，她對於任何事物都想要拆開撕毀，而且極度厭惡鈍器，認為那些都是破壞尖銳美學的邪物。
285,吕玲绮,主人,呂玲綺和龐統一樣，曾經屬於那支傳說中的精英部隊，不過她倆應該不是一個編隊的。她有一個整天掛在嘴邊的主人，據說她在遇到主人後就從一名破壞狂令人驚訝的變成了忠實的守衛，雖然狂氣依舊，但已經收斂了許多。
286,吕玲绮,往事,呂玲綺的主人是誰，傳說中的那支精英部隊過去究竟發生了什麽，這樣的情報實在難以搜集到。我們暫時知道的，只有她在爲了復活她的主人而四處奔走，如今又回到了這幽夢學園中。其他的事，估計只能去那所秘密的圖書館中才有可能查到了。
287,陸遜,秘密資料,"
[c][f55090]生日：[-][/c]10/7
[c][f55090]外表年齡：[-][/c]12
[c][f55090]討厭的禮物：[-][/c]恐龍積木、棋子
[c][f55090]喜歡的禮物：[-][/c]彈弓、幸運手繩"
288,陸遜,眾所周知的情報,陸遜不僅有著可愛的外表，還有著一根長長的尾巴，這讓她在學園裡的回頭率極高。\n她的胸前總是抱著一枚扭蛋，扭蛋裡通常還有一個白色的小傢伙，但我從未在書中找到過那個小傢伙的記載，應該是很稀有的使魔吧。\n如果你要找她，可以去扭蛋機旁邊看看，她總是在那附近。
289,陸遜,一些流言,『陸遜是被人從扭蛋機裡抽出來的！』『那我也可以抽到嗎？』\n『扭蛋機內部其實連接著異世界，製造扭蛋幣的材料中包含可以激活異世界通道的稀有礦石！』『那你爲什麽不在沒人的時候把扭蛋機拆開看看？』\n『扭蛋機肯定被陸遜做過手腳了，我剛剛抽了好幾次，一個稀有物品也沒抽到！』『但我上次看見陸遜自己也沒抽到好東西啊？』
290,陸遜,扭蛋少女,上周的讀書會結束後，我路過扭蛋機時正巧遇到了陸遜。她正坐在變得比人還大的扭蛋裡和那個白色的小傢伙玩耍！更讓人驚訝的是，她的尾巴竟然插在扭蛋機上，像是在充電一樣！那個尾巴的形狀原來不是裝飾！我不得不重新審視有關這名扭蛋少女的那些傳聞，她的身上肯定隱藏著許多秘密！
291,巴尼拉,秘密資料,"
[c][f55090]生日：[-][/c]2/12
[c][f55090]外表年齡：[-][/c]12
[c][f55090]討厭的禮物：[-][/c]提線人偶、鋼筆
[c][f55090]喜歡的禮物：[-][/c]布丁、故事書"
292,巴尼拉,魔法天才,體型嬌小的巴尼拉，據她以前的隊友們說，在部隊中經常被當成吉祥物一般的角色。她沒有接受過正統的法師培訓，但是天生就具有巨大的魔力，只要有合適的魔力出口，她可以將任何物品做為法杖使用。
293,巴尼拉,遲鈍,巴尼拉的反應速度慢到了一個令人髮指的程度，雖然她容易受到驚嚇，但是在戰鬥中無論是多麼慘烈的戰況都不會使她慌亂起來，而在戰鬥之後卻會怕得好幾個天不敢出門。大家都懷疑，巴尼拉對於環境的感受可能不光是反應速度慢的程度這麼簡單。據我觀察，很有可能是因為巴尼拉身邊環繞的濃度過高的魔力，讓她身處的時間與其他人的流逝方式不同。這不是說她對於感情這種東西會遲鈍，而是魔力嚴重的減緩了她感情的傳輸速度。
294,巴尼拉,魔法書的秘密,巴尼拉總是拿著帶有金屬飾件的看上去似乎非常厲害的魔法書，但其實只是比較古老的精裝本童話書。巴尼拉不喜歡研讀那些無趣的魔法著作，因而也從沒有系統地學習過那些所謂高深的法術。她所能做的就是在讀書時自然而然地灌注魔力，這樣文字的力量就會為她而戰。無論是童話裡那些充滿幻想的生物，還是英勇的騎士、強大的法師，都會在她的念誦下顯現。而如果你是她的敵人，又發現她開始念誦一首黑暗的童謠時，你還是趕緊躲開的好。
295,圖靈,秘密資料,"
[c][f55090]生日：[-][/c]1/1
[c][f55090]外表年齡：[-][/c]18
[c][f55090]討厭的禮物：[-][/c]邪能果汁、骷髏抱枕
[c][f55090]喜歡的禮物：[-][/c]遊戲機、量子玫瑰"
296,圖靈,空氣閱讀學習中,雖然是擁有超強計算能力與知識儲備的圖靈，在面對如何融入人群之中的問題時，似乎還是不能很好地把握分寸。她表現出歡快的樣子，試圖讓被她搭話的人情緒都活躍起來，可是這樣時常只能換來僵硬的假笑或是他人的退縮。不過圖靈本人似乎並沒有產生很強的挫敗感，她還是像往常一樣向所有她感興趣的人搭話，一次又一次地嘗試理解人們的情感。
297,圖靈,悠久AI,圖靈是「理」創造的AI，在幽夢學園建立之前一直承擔著記錄者與引導者的任務。所以從某種意義上來說，即使是巴尼拉的烏布羅斯大圖書館的館藏，也可能沒有圖靈的軟體中存儲的數據多。但是圖靈似乎並不是很擅長，也不太喜歡動用自己的數據庫。雖然提到這個問題時圖靈總是一副笑嘻嘻的樣子，這其中的苦衷，恐怕只有她自己知道吧。
298,圖靈,人形電腦亦有心,圖靈真的只是AI嗎？在學園裡，她試圖讓所有人都能露出笑容；在戰場上，她會因同伴受傷而變得焦躁。爲了別人普普通通的小事而絞盡腦汁，竭盡全力的圖靈，怎麼看都只是一個努力的女孩子吧。名為AI的少女，她的心已經閃耀了起來。
299,以掃＆雅各,秘密資料,"
[c][f55090]生日：[-][/c]2/22
[c][f55090]外表年齡：[-][/c]18
[c][f55090]討厭的禮物：[-][/c]彈弓、苦無
[c][f55090]喜歡的禮物：[-][/c]天使光環、幸運手繩"
300,以掃＆雅各,天使與惡魔,「命運的雙生子降臨塵世，一個是播撒福音的天使，一個是散布災難的惡魔，只有當她們合二為一，才能獲得奇妙的平衡」這是以掃與雅各最初的記憶，也是她們註定的命運。以掃開朗、單純，純潔的外表備受人們喜愛；而雅各壓抑、內斂，不詳的黑翼為他人厭棄。如此大的反差，二人卻依然從沒有動過離開對方的念頭。她們就像是光與暗一樣相依相存，互為半身。
301,以掃＆雅各,妹妹的煩惱,在學園裡見到雅各時，她總是一副愁眉苦臉的樣子，不僅僅是因為她本身的性格內向，也因為她有一個愛惹麻煩的姐姐。以掃總是按耐不住自己的好奇心，對一切新奇的事物都躍躍欲試，但是她又沒頭沒腦地從不考慮後果，每次都需要雅各來為她善後。即便如此，雅各也從不會真正地厭惡以掃。「姐姐沒有我可怎麼辦呢」雅各總是帶著無奈的表情這樣說著——無奈的表情之下，是淺淺的、幸福的微笑。
302,以掃＆雅各,姐姐的秘密,以掃熱衷於闖禍這點，在學園中早已聲名遠揚，大家雖然對這位充滿活力的天使小姐喜愛有加，卻也害怕她哪天真的將禍闖到自己頭上來。那麼以掃本人真的這麼沒有自覺嗎？當我就這個問題詢問以掃的時候，她只是開朗地一笑：「沒關係！只有這樣，雅各才不會有時間胡思亂想嘛～」
303,華佗,秘密資料,"
[c][f55090]生日：[-][/c]4/24
[c][f55090]外表年齡：[-][/c]24
[c][f55090]討厭的禮物：[-][/c]魚罐頭、吸血鬼面具
[c][f55090]喜歡的禮物：[-][/c]布丁、紅茶"
304,華佗,唯一校醫,在幽夢學園這個略顯危險的學園中，存在著一間小小的醫務室。坐鎮它的是學園中唯一的校醫——華佗老師。每當有疑難雜癥在學園中出現，就到了她大顯身手的時刻。不過這間醫務室令人在意的不僅是華佗老師的高明醫術：由於華佗知性、聖潔的氣質，她在治療疾病外也時常成為學妹們的傾訴對象。小小的醫務室，成爲了學妹們的煩惱相談所——自然而然的，在華佗這裡沒有打聽不到的學園八卦~
305,華佗,藥劑學狂熱,華佗本是掌管東方世界的天使長，因為對中醫產生了濃厚興趣而開始研究中草藥，成功地開發出了至今也人神皆懼的高效麻醉劑「麻沸散」。當華佗閃耀著光芒出現在戰場上，所有企圖靠近她300碼以內的敵人都會自動倒地不起。當然這並不是她作為天使的感召力，而是作為藥劑師的迷藥霧氣在發揮作用。值得注意的是，迷藥不分敵我，沒有事先服用解藥的情況下千萬不要隨意靠近。
306,華佗,德高望重的天使,華佗在天使中也算是年長者，因此可以肆無忌憚地開別的天使的玩笑，像是米迦勒、加百列剛入學時候的糗事，在她的嘴裡都如數家珍。不過你可千萬要注意，華佗對年齡的問題不是一般的在意，傳說她要是被人稱作「老太」的話，會對此人瞬間釋放致死劑量的麻沸散。還是不要輕易觸碰她的底線為好……
307,赤蓮,秘密資料,"
[c][f55090]生日：[-][/c]6/6
[c][f55090]外表年齡：[-][/c]16
[c][f55090]討厭的禮物：[-][/c]狐面、狐耳髮箍
[c][f55090]喜歡的禮物：[-][/c]魚罐頭、火雞"
308,赤蓮,關於大尾貓,「目擊到了變成女孩子的大尾貓！」這樣的傳言最近在學園裡流傳開來。大部份學生可能不知道，這個「像大尾貓一樣的女孩子」——赤蓮，其實遠比他們在這個世界上待的時間長得多。由於一些尚不明確的原因，赤蓮在近百年一直和一支大尾貓部族一同生活在火山附近，直到最近才來到學園中。不過她似乎對校園生活不是很熟練，一直保留著原來的生活習慣，每一次出現，身邊都必定環繞著一大群大尾貓……這樣被認作是「變成人型的使魔」也是無可厚非的事情吧。
309,赤蓮,動物會話,最近去動物保護社的時候，常能看到赤蓮在和其他動物或者使魔交流——沒錯，是真的在交流。赤蓮搖著尾巴地發出一連串「喵~」「嗷！」的叫聲，而別的動物，會用各自的叫聲回應她。沒過一會，他們就在地上滾作一團追逐打鬧……只是赤蓮看起來和巴魯的關係相當糟糕，每次一見到巴魯，她就會下意識地夾緊尾巴、弓起身子，渾身上下的毛髪都像炸開了一樣。社長黃月英為此相當頭疼，但是除了將他們立即分開轉移注意以外，似乎並沒有什麽很好的解決辦法……
310,赤蓮,紅蓮傳說,「常年湧動的火山，是火焰神明的領地，神明給予森林滋養，賜予生靈溫暖；但是邪惡的生物試圖奪走神明的力量，於是神明大發雷霆，打開封印熔岩的結界，從此火山不停向外噴吐炙熱的風暴，沒有生物再能靠近。只有貓中之人與人中之貓才能奪回神力；只有虛無之人和他的使者才能安撫神怒。」某一個安靜的夜晚，赤蓮望著燃燒著的篝火，用斷斷續續的話語向我講述了這樣一個傳說。
311,銀月,秘密資料,"
[c][f55090]生日：[-][/c]9/7
[c][f55090]外表年齡：[-][/c]21
[c][f55090]討厭的禮物：[-][/c]仙人掌、SF手槍
[c][f55090]喜歡的禮物：[-][/c]鋼筆、量子玫瑰"
312,銀月,感知力,銀月似乎不用面朝某一個方向就能知道那裡有什麼東西，她的能力更像是對周圍整個空間的「感知」，而不是單單對於視力的替代。所以即使你只是遠遠地眺望一眼，她也會猛地轉過身來「看著」你，并隔著厚厚的眼罩向你投來淩厲的「目光」。此外，銀月能夠感知到的內容似乎遠不止事物的外表、聲音那麼簡單。她會形成如今性格恐怕也與此有關吧。
313,銀月,掃除愛好者,看銀月打掃衛生是一種莫大的享受。她有條不紊又手腳麻利地將需要打掃的地方先掃得一塵不染，然後仔細擦拭直到能反出光來。有點生活經驗的人一看便會知道，要這樣幹練又細緻地完成一次清掃，需要積累多少重複的練習和處理汙穢的經驗。不過銀月似乎並不覺得辛苦的樣子，相反，只有在打掃的時候，她才會難得地舒展眉頭露出輕鬆的表情，有時甚至會哼起小曲。至於銀月是怎麼隨時隨地掏出這麼多清潔用具的，只能用「女僕的裙底總是藏著銀河的」這句話來解釋了。
314,銀月,「飛刀大師」,銀月對飛刀的把控就仿佛那是她手臂的延伸一般精巧——用刀戳中停在牆上的飛蟲，對於她來說可能是過於簡單的挑戰。聽說曾有人在醉酒之後向她挑釁，聲稱「她不過是在玩一些蒙眼飛刀的小把戲」，第二天，那個人就只能頂著一隻鋥亮的光頭出現在眾人面前。
315,sp魏延,秘密資料,"
[c][f55090]生日：[-][/c]7/16
[c][f55090]外表年齡：[-][/c]19
[c][f55090]討厭的禮物：[-][/c]紅茶、故事書
[c][f55090]喜歡的禮物：[-][/c]SF眼鏡、維修工具"
316,sp魏延,羽化,與魏延許久不見，這次見到她才發現她已經發生了天翻地覆的變化。無論是閃閃發亮的可愛觸角、引人注目的巨大機械臂、還是難得一見，掛滿臉龐的燦爛笑容，都預示著這位曾經無比怯懦的女孩子，已經由內而外地引來了新生。
317,sp魏延,第三隻手,魏延的機械手實在是太大了~這給她的生活帶來了不小的麻煩：隨手一揮就讓學長飛出十米開外、輕易地把餐桌連底座從地上拔起、在飛行的時候控制不住平衡而墜落……雖然每當這時候魏延總是抱著她的機械臂不停地向大家道歉，不過比起它帶來的麻煩，它幫助魏延做到的事情遠要重要得多——為同伴擋下沉重的攻擊、戰勝原本不可想像的敵人、驅散黑暗過往的陰霾。所以不難理解，爲什麽魏延總是不願意把她的大鐵腕脫下。
318,sp魏延,撲火之蛾,「為什麼會變成飛蛾的外形呢？」在一起走向教學樓的路上，我這樣問魏延。「我也不太清楚，只是當時想著，大家有危險，這一次魏延不能再倒地不起了！然後就變成了現在的樣子……沒有變成什麽更加厲害的東西，真是可惜呢~」魏延露出稍微遺憾的表情，「不過能幫到大家，變成怎麼樣都好啦！」她的臉微微一紅，馬上又露出燦爛的笑容，兩只觸角一上一下輕輕地擺動著。
319,芬里爾,秘密資料,"
[c][f55090]生日：[-][/c]7/7
[c][f55090]外表年齡：[-][/c]19
[c][f55090]討厭的禮物：[-][/c]鋼筆、提線木偶
[c][f55090]喜歡的禮物：[-][/c]火雞、手電筒"
320,芬里爾,力量,第一次見到芬里爾時，她當著我的面，用兩根手指扯開了學園結實的大門；近在咫尺，我幾乎能夠聞到「危險」散發出的氣味。這樣形容或許有些誇張，但是事實就是如此。我想，也許沒有什麽防禦在她的力量前是能起作用的。
321,芬里爾,戰鬥狂人,說芬里爾是為戰鬥而生的一點也不為過，她狂笑著揮舞巨錘捨身攻擊的樣子，只是想象一下都令人毛骨悚然。戰鬥中飛濺的鮮血與她而言不過是慶典的花火，對手的慘叫更是助興的音樂。只要腦袋還沒有從脖子上搬家，即使心臟停止了跳動，芬里爾也還是能繼續保持狂亂的攻勢。所以大部份人無論強大與否，都會對這樣的亡命之徒敬而遠之。除了呂布小姐，恐怕沒有人可以壓制這頭「野獸」。
322,芬里爾,巨狼的黃昏,芬里爾唯一一次談起過去的時候，向我描述了一幕奇妙的末日景象——仰天長嘯的巨狼，站在漫天的火焰之中，身邊是曾經輝煌的，已然成為廢墟的神殿；火焰漸漸蔓延，吞沒巨狼、吞沒廢墟、吞沒天地……芬里爾蹲在一塊巨石的高處靜靜地描述著，火紅的夕陽斜照在她臉上，周圍的一切像陷入終焉一樣靜默——我從未見過如此平靜的芬里爾。故事裡的巨狼是她本人嗎？這是她所期許的結局嘛？我不得而知。
323,sp曹操,秘密資料,"
[c][f55090]生日：[-][/c]11/11
[c][f55090]外表年齡：[-][/c]19
[c][f55090]討厭的禮物：[-][/c]魚罐頭、持刀傘
[c][f55090]喜歡的禮物：[-][/c]稀有護符、SF眼鏡"
324,sp曹操,DEF,自從銀月前輩在校內開始活躍以後，神威真正的院長便神秘地從眾人的視線中消失了；以她為首的神秘組織——DEF也几乎停止了活動，在學園裡銷聲匿跡。但是DEF真的消失了嗎？可能並不是這樣。長長的兔耳依舊在商店街搖曳著；學園的樹上時常能看見被箭支釘住的蘋果；路過風見學園時也依舊能夠聽見裡面傳來的豪邁笑聲。DEF的成員們都在靜靜地等待著，蟄伏著。
325,sp曹操,青釭出鞘,傳聞中曹操有兩把佩劍，其中之一的「倚天」在過去的歲月中為大家熟知，但是還有另一把佩劍「青釭」卻幾乎從不示人。據說這把「青釭」可以「引雷若龍、驅水萬鈞、喚風摧山」，發揮宛若千軍萬馬的力量，只是從來沒有人見過。大家都把這當做是談及曹操時的軼聞，覺得這不過是她的追隨者們誇張的溢美之詞。但是就在不久前的一個雷雨之夜過後，學園中卻出現了不止一位「目擊雷龍」的學妹，這使得「青釭」真實存在的傳聞再次在學園中流傳起來。
326,sp曹操,威壓,曹操似乎擁有了一種特殊的力量。直視她雙眼的人，都會像是被可怖的巨獸凝視一樣感到壓迫，同時像被抽走了力量一般感到四肢疲軟。「太可怕了！！我在那個瞬間仿佛看到了一條惡龍啊！！」呂蒙一邊蜷縮著抱著魏延的大腿，一邊哭訴剛剛遭遇「曹操」的經歷，「那真的是曹操！或者說，曹操進化成的怪物，你們一定要相信我！」。從呂蒙嘴裡說出的話，可信度自然要下降三分，但是看到她瑟瑟發抖的樣子，恐怕曹操真的獲得了什麽特殊的力量也不一定。
327,呂布,秘密資料,"
[c][f55090]生日：[-][/c]12/31
[c][f55090]外表年齡：[-][/c]22
[c][f55090]討厭的禮物：[-][/c]提線木偶、量子玫瑰
[c][f55090]喜歡的禮物：[-][/c]圍巾、故事書"
328,呂布,「Enigma」,如今在幽夢學園中可以查到的所有資料中，都無法直接查閱到「呂布」的相關記錄，而只有「Enigma」這樣一個代號，並且相關資料也存在大量修改、塗抹的痕跡。究竟是誰，又是因為什麽想要抹去「呂布」存在過的痕跡呢？即使就這個問題去向呂布小姐請教，她也只是露出一絲特別的表情欲言又止……這背後隱藏著什麽原因，著實令人好奇。
329,呂布,關於毒蜂,呂玲綺對於呂布小姐的忠心簡直到了可以用「癡狂」二字形容的地步，無論她對呂玲綺做過什麽，呂玲綺都始終敬她為主人，不離不棄。而與之正相反，呂布小姐對待呂玲綺的態度就要平淡得多，她對待呂玲綺的溫柔也和對待其他所有人的一樣，不過是一層隱藏本性的假象。雖然早在百年前的混沌戰爭時期她們二人就已經是從屬的關係了，但經歷過這麼多事情之後，兩人的關係居然沒有發生什麽改變，實在是令人驚奇。
330,呂布,孤獨之人,與呂布小姐視線相對時，偶爾能感覺到那雙優雅的眼睛背後隱藏著許多幽深、壓抑的東西。像是悲傷、像是憤怒、像是寂寞，像她的劍氣一樣平時無影無蹤，一旦展露又無比洶湧。她雖然時常保持著溫柔的微笑，但是又無時無刻不顯得拒人于千里之外。「這大概就是最強女武神的傲慢吧。」大多數人都這樣覺得。可是說不定，呂布小姐只是在恐懼，不知在經歷過這麼多背叛之後，自己該著陸在何處。
331,路西菲爾,秘密資料,"
[c][f55090]生日：[-][/c]無
[c][f55090]外表年齡：[-][/c]17
[c][f55090]討厭的禮物：[-][/c]持刀傘、狐面
[c][f55090]喜歡的禮物：[-][/c]咖啡、稀有護符"
332,路西菲爾,天堂＆地獄,一個人身上同時發出兩種聲音互相爭吵真是一種奇特的景象。而這一景象正出現在我面前的路西菲爾身上。路西法：「都說了我來進行攻擊了，你剛才爲什麽要插手！」米迦勒：「可是你就只會用你那些黑暗的法術，根本不懂得聖光的重要性！」路西法：「哼，在你那所謂的聖光凝聚之前，我的黑暗已經掃平一切了。」米迦勒：「說到底還是不可理喻的墮天使~誒，你不要強奪身體的控制啊。。。。。。出去！」\n隨著一聲轟鳴，伴随着耀眼的光芒，路西法被拋了出去，而米迦勒則緩緩的降落在了地上。
333,路西菲爾,「米法」or「路西菲爾」,關於米迦勒與路西法在融合時如何稱呼的問題，大家進行了一次討論。雖然米迦勒和合併人格都對「米法」這個名字非常中意，但由於路西法執意要把自己的名字放在前半部份以彰顯在融合時的主導地位，米迦勒最終同意讓步將她們的合併人格稱為「路西菲爾」。不可否認的是，「米法」是個非常可愛的名字，我個人對這個充滿親和力的名字就充滿了好感。然而路西法對這個名字卻深惡痛絕：「誰要用那種聽起來就像柔軟的小兔子一樣的名字稱呼自己啊！我可是無敵的路西法！偉大的路西法！嗚啊，光是想像一下就感到羞恥了！不可以，『米法』絕對不可以！」
334,路西菲爾,非黑非白,米迦勒——聖潔美麗、懷抱正義與慈悲的眾天使之長、風紀委員與辰星學院曾經的執掌者；路西法——孤傲瀟灑、目空一切的墮天使、曾經DEF的領導者之一、亦身位修羅學院的女王。即使知道這兩人之間有著千絲萬縷的聯繫，但是誰也不會想到這宛如黑與白般對立的二人會融合在一起。或許確實如路西菲爾本人所說，在這樣非同一般的時期，沒有什麽事情是必須非黑即白的。
335,克瑞絲,秘密資料,"
[c][f55090]生日：[-][/c]12/12
[c][f55090]外表年齡：[-][/c]15
[c][f55090]討厭的禮物：[-][/c]邪能果汁、吸血鬼面具
[c][f55090]喜歡的禮物：[-][/c]量子玫瑰、生態瓶"
336,克瑞絲,奇跡之子,像精靈一般奇妙的女孩子「克瑞絲」最近突然出現在學園中，她像是沒有重量一般地漂浮在空中，頭髮如水晶那樣閃耀著奇異的光芒；前一刻還吸引著眾人的目光，下一刻又消失得無影無蹤。她的名字並不存在於學園的入學名冊中，但是確確實實的在我們身邊出沒，學園中甚至流傳起了「克瑞絲是奇跡的化身」這樣的傳聞。
337,克瑞絲,水晶形態,如果你能有幸與克瑞絲熟絡起來，那麼有一天說不定會被拜託成為「搭便車」的目標。至於搭便車的方法，就是她變成一塊水晶呆在你的背包裡。你也許會問「她不是會飛嗎？」。可是據克瑞絲本人描述：「飛行就像是一直平舉著自己這麼重的啞鈴」一樣費力。所以大部份時候，她還是會盡量採用普通的移動方式，或是找一個熟人「搭便車」。至於她如何變成一塊水晶，又如何變回來的，這一點只有親眼見過的人才能理解吧。
338,克瑞絲,奇跡之光,克瑞絲本人無法清晰地記起成為現在這樣之前的事情，作為幽夢學園的一員，她曾經叫什麽名字？加入了哪個學院？又擔任著怎樣的職責？在她的腦海裡只是一團模糊、黯淡的霧。她唯獨能記起的事情，是當自己拖著浸染混沌的身軀倒在一片平原上時，許下了「想要存在下去的願望」，和最後看見的耀眼光芒。
339,王異,秘密資料,"
[c][f55090]生日：[-][/c]3/11
[c][f55090]外表年齡：[-][/c]14
[c][f55090]討厭的禮物：[-][/c]神秘藥水、咖啡
[c][f55090]喜歡的禮物：[-][/c]SF手槍、SF眼鏡"
340,王異,奇裝異服,雖然在幽夢學園之中，王異的穿著並不算是太奇怪，但如果有人多看了她一會兒，甚至是開口問到為什麼要這麼穿時，王異總是會辯解稱「這不過是普通的穿著而已」。然而從她臉紅的樣子以及慌張的神情可以看出，這句話連她自己都說服不了。這反而引起了學生們更大的興趣，紛紛猜測起了她如此穿著的原因……別再去問奇怪的問題了，上次看她眼中都泛起淚光了，你們就放過她吧。
341,王異,嗜睡,戰鬥服的光學迷彩讓王異能像幽靈般神出鬼沒，而魔導槍使她能在遠處悄無聲息地解決敵人。王異的戰鬥能力毋庸置疑，只是……在戰鬥之後，她總是會極端地疲憊，嚴重時甚至會當場陷入熟睡，在平時，她也總是盡可能地補充睡眠。根據華佗的診斷，這似乎是因魔力不足而造成的症狀，而魔力不足的原因，恐怕就是那身衣服和魔導槍。而得知這一點時，王異看起來並不驚訝，想必她也早就察覺了這一點。
342,王異,執著,在曾經遇到的一次危機中，王異被魯班救下，之後便從魯班處獲得了這身衣服和這把魔導槍，將之視若珍寶。在那之後，她便已經暗暗地下定了決心，總有一天一定要跟上魯班的步伐，儘管如此，多年過去后，她仍未能找到與魯班相關的線索。只有在看到學園中的各種機械設備時，能讓她感覺到一絲懷念。
343,坂本龍馬,秘密資料,"
[c][f55090]生日：[-][/c]6/28
[c][f55090]外表年齡：[-][/c]19
[c][f55090]討厭的禮物：[-][/c]雛菊髮卡、圍巾
[c][f55090]喜歡的禮物：[-][/c]招財貓、持刀傘"
344,坂本龍馬,刀與槍,一邊得應付難以捉摸的刀，一邊得提防暗中潛藏的槍。坂本龍馬的戰鬥風格讓許多學生都感到了不適應。更別提她在戰鬥中使用的各種騙術和心理戰術，更是讓不少學生吃盡了苦頭。儘管如此，學生們倒是並不排斥跟龍馬一起訓練——畢竟從陌生的戰鬥中最能學到東西，龍馬也總是會聊到她傭兵生涯中發生的故事。只是……聽說她最近開始收費了？呃，這真的可以嗎……
345,坂本龍馬,傭兵,坂本龍馬是實力強大的傭兵。照理說，她應該早已賺夠了足夠的錢功成名退，或是成為了聲名遠揚的傭兵團長。然而她一有錢就跑去賭博，再加上本人災難般的賭技，最終陷入了萬劫不復的深淵。坂本龍馬本人當然意識到了這一點，並下定決心痛改前非。為此，她選擇的方式是……出老千。而在屢次被拆穿又拒不認罪之後，坂本龍馬便上了眾酒館和賭場的黑名單，不得不流落天涯，去尋找其他還能接納她的地方。
346,坂本龍馬,信任,在學園中，相互信任似乎是理所當然的事情。但對傭兵來說，昨天還在並肩作戰的夥伴，今天便可能是拔刀相向的敵人。其中無信任可言，也無對錯之分。因此，坂本龍馬對學生們的關係報以嘲弄的態度。然而，連自己的命也能當作賭注的坂本龍馬，卻一次也沒有賭上過自己的刀和槍刃。這至少說明，即便是坂本龍馬也有想要相信的東西。
347,薇薇安,秘密資料,"
[c][f55090]生日：[-][/c]12/7
[c][f55090]外表年齡：[-][/c]16
[c][f55090]討厭的禮物：[-][/c]魚罐頭、苦無
[c][f55090]喜歡的禮物：[-][/c]神秘藥水、故事書"
348,薇薇安,占卜神秘，占卜師則未必,占卜師們總是給人神秘的印象。利用迷蒙的熏香，搖曳的燭火，離奇的夢境與神秘的星空獲取只有他們才能解讀的啟示，並以同樣晦澀的語言轉述給他人。薇薇安也是一名這樣的占卜師，恬靜而神秘──如果她能安靜地坐著……而不是像現在這樣一有空就去找人聊天、一有發現就奔去冒險，以及到處揮舞那根法杖的話……等等，那根杖是用來戳人的嗎？！
349,薇薇安,星空之聲,沙漠中沒有島嶼也沒有燈塔。在一望無際的沙海中航行時，頭頂的星空便是心之所向。因此，占卜師們時常仰望天空，試圖從星辰間獲得命運的啟示。薇薇安也同樣嚮往星空，但不同的是，薇薇安從不費功夫去解讀繁雜的星圖，只是單純地欣賞著璀璨的群星──群星的光芒在她的眼中閃爍，星空的低語在她的腦中迴響。
350,薇薇安,占卜的本質,儘管薇薇安的形象與正常的占卜師相去甚遠，但沒人會懷疑其占卜的準確性：薇薇安憑藉星空做出的預言從不落空。也因此，負面的占卜結果才讓薇薇安尤其煎熬，而任性的星空從來不願為曖昧的預言詳加解釋。薇薇安對此並無責任，但出於善意，薇薇安決定要親自見證占卜的結果。這卻也引出了一個令人費解的問題：究竟是預言準確地預測了現實，還是薇薇安的行動導致了預言中的結果？甚至還有一種更加離奇的猜想：也許，帶有星空力量的預言本就可以改變現實？
351,劉備,秘密資料,"
[c][f55090]生日：[-][/c]1/9
[c][f55090]外表年齡：[-][/c]19
[c][f55090]討厭的禮物：[-][/c]溜溜球、遊戲機
[c][f55090]喜歡的禮物：[-][/c]鋼筆、記事本"
352,劉備,風紀委員,說到風紀委員，學生們腦中大概會浮現出兩種形象：一種如米迦勒，以身作則、品行優良，可謂學生們的榜樣；另一種則如曹操，氣勢洶洶，咄咄逼人，堪稱學生們的惡夢。不過，在這群個性鮮明的風紀委員中，倒也存在一些比較「正常」的人──比如待人親切、態度溫和，總是帶著從容微笑的劉備。米迦勒散發著難以接近的氛圍，曹操則令人避之唯恐不及，這也使得劉備成為了與學生們關係最好的風紀委員……好到讓人擔心她這樣是否真的能做好風紀委員的工作……但或許也因如此，才讓她成為了風紀委員不可或缺的一員。
353,劉備,重要的東西,每當食堂推出新的菜色，或是商店街開了新店鋪，便總能在那發現劉備的身影。名義上是代表風紀委員前來調查，實際上大家都心知肚明，她只是單純地在尋找美食罷了。開店的學生們倒也不排斥，這是由於劉備的好人緣，更因為劉備「美食家」的名聲──得到其認可將比任何宣傳都有效。然而，這些事對劉備本人來說似乎都無關緊要。因為只有當她與關羽、張飛等人一同享用美食時，才能看到她臉上的笑容似乎變得更加真摯。由此可見，她真正追求的東西也許並不是所謂的美食，而是與同伴們一同相處的時光。
354,劉備,有所保留,人們加入風紀委員要不是出於特別的使命感和榮譽感，要不就是出於某種特定的目的。儘管至今沒有表現出任何跡象，但劉備心中也一定懷著某種意志。有人猜測，她是在看到了曹操和米迦勒的活躍後，便自願退居兩人身後，選擇以另一種方式默默支撐著風紀委員。因此，若是有一天，當她珍視的東西受到威脅，或是風紀委員的責任落到她的肩上時，她想必會一改過去的形象，毫不猶豫地挺身而出吧。
355,烏列爾,秘密資料,"
[c][f55090]生日：[-][/c]7/12
[c][f55090]外表年齡：[-][/c]20
[c][f55090]討厭的禮物：[-][/c]邪能果汁、骷髏抱枕
[c][f55090]喜歡的禮物：[-][/c]鋼筆、記事本"
356,烏列爾,光輝之騎士,"
「騎士」應該是怎樣的存在？烏列爾無疑是對這個詞最好的詮釋。
正直，善良，勇敢，冷靜，堅強，優雅。要評價烏列爾，似乎再多的讚美之詞也不為過。
尤其是戰鬥時，烏列爾一邊在敵陣中開闢道路，一邊保護著身後的同伴。
光是看著她堅實的盾牌與潔白的羽翼，心中便能鼓起跨越一切險境的勇氣吧。

由於烏列爾豐富的戰鬥經驗，貂蟬學姐特地請她來指導學園的日常訓練。
而在被項目多到嚇人的魔鬼訓練折磨了一個上午，又被告知「這不過是熱身運動」之後，學生們終於感到了不安。
……有烏列爾在學園，學生們一定能獲得寶貴的經驗吧，嗯。"
357,烏列爾,過於沉重,"
然而，在日常生活中，烏列爾遠算不上威嚴，甚至可說是安靜到近乎靦腆。
閒暇時，總能看到她在中庭的長椅上、樹蔭中默默讀書的身影。
看到那恬靜的樣子，想必任何人都只會覺得眼前的是一名普通的少女，而無法聯想到戰場上那光芒萬丈的天使。

也只有在這種時候，才能意識到她盔甲之下的身軀原來是多麼纖細脆弱。
那捧著書本的纖細手指，究竟是如何舉起沉重的盾牌，傲然而勇敢地站在陣線最前方的呢？"
358,烏列爾,太陽,"
在混沌肆虐的年代，任何一縷微光都會被視為拯救之光。
本來只是想報答恩情，不知不覺間卻已經成為了受人景仰的「天使」與「騎士團長」。
潔白的羽翼與耀眼的光芒無疑讓烏列爾彷彿從天而降的救星，讓人們不禁向她希求起渺茫的救贖。
在如太陽一般的神明隕落之後，人們的期望便更加不忍辜負而難以承擔。
然而，她自己又該由誰來救贖呢？

只有當烏列爾在那精美的筆記本上寫下秘密的詞句時，才能看到她嘴角浮現出淺淺的、並非用以掩飾悲傷的微笑。
在那筆記本上一定寫滿了值得珍惜的、溫暖的內容，而她也已經找到了自己的太陽吧。"
359,伊邪那美,秘密資料,"
[c][f55090]生日：[-][/c]2/26
[c][f55090]外表年齡：[-][/c]22
[c][f55090]討厭的禮物：[-][/c]天使光環、魚罐頭
[c][f55090]喜歡的禮物：[-][/c]邪能果汁、吸血鬼面具"
360,伊邪那美,混沌的影響,"
「混沌體征」。無人會忘記那次波及整個學園的可怕事件。
在事後，大部分的學生逐漸康復……也有少數留下了難以捉摸的影響。
但如伊邪那美如此嚴重的還是第一例。

混沌的侵蝕在伊邪那美的臉上留下了紫色的結晶。
其形成原因以現有的理論難以解釋，更難以將其清除。
因此伊邪那美不得不時常戴著面具以隱藏這可怕的痕跡。

如果症狀僅此而已，也許還不是什麼無法挽回的事情。
然而這僅僅是悲劇的開始。"
361,伊邪那美,唯一,"
伊邪那美與伊邪那岐原本為成對的戰姬。
然而，據說伊邪那岐在伊邪那美遭混沌感染時便不辭而別。

這無疑讓伊邪那美陷入了絕望。
在混沌侵蝕的痛苦症狀中，她本來已經做好了死的準備……
最終卻承受住了混沌的侵蝕，並諷刺地獲得了操控混沌的能力。

但自己已經失去了一切，事到如今獲得這種能力又有什麼用呢？
對於伊邪那美來說，目標自然只有一個，即是那個離開自己的人。"
362,伊邪那美,「死神」,"
「混沌是邪惡的存在。」沒有人會對此產生疑問。
因此，人們對能夠操縱混沌的伊邪那美抱持的態度可想而知。

明明只是追尋著失去的戀人，明明只是路過那些村莊，為什麼人們都要投來敵視的眼光，甚至不知何時已經被取上了「死神」的稱號了呢？
理由當然不言自明，然而被執念蒙蔽雙眼的伊邪那美似乎已經注意不到這一點了。

在又一次被人們以拳頭和石子逐出城鎮後，伊邪那美坐在樹下，恍惚地望著遠方。
「我究竟還要多久才能找到你呢？」
伊邪那美想著，眼前彷彿出現了幻覺，那個人似乎就在眼前……

不，並不是幻覺，眼前的身影屬於另外一個人。
那個女人有著一頭秀麗的白髮，臉上帶著溫柔而冰冷的微笑——
呂布朝伊邪那美伸出了援手。"
363,薇拉,秘密資料,"
[c][f55090]生日：[-][/c]8/28
[c][f55090]外表年齡：[-][/c]14
[c][f55090]討厭的禮物：[-][/c]骷髏抱枕、彈弓
[c][f55090]喜歡的禮物：[-][/c]維修工具、記事本"
364,薇拉,溫柔的心,薇拉是幽夢學園的會計，在做帳這件事上可說是經驗豐富。每個月發補貼從不延誤。因為有輕微的完美主義者傾向，所以就連麻花辮都要梳到兩邊對稱，對細節的掌控更是到了令人驚訝的程度。她非常擅長縫紉，能夠製作出細節相當精美繁複的衣服（但是美觀度另說）。\n喜歡照顧別人，也喜歡在背後默默給予別人支持。因為覺得細菌是「會令人生病的討厭東西」，所以會定期打掃學園。日常愛好就是整理房間等等。\n由於喜歡操心、嘮叨等特點，成了學園內照顧大家彷彿監護人一般的存在。但是要說在學園中誰最受薇拉的照顧，那一定就是學長了吧──儘管那照顧可以說無微不至到了過分的程度。
365,薇拉,謎之執著,"
在幽夢學園內因為潔癖而享有盛名的細節控薇拉。其嚴謹的作風似乎並沒有延續到料理製作上……明明自己做的料理已經能夠媲美「殺人武器」，但薇拉仍然會在屢次受挫後越挫越勇地堅持創作料理。畢竟每次學長面對那盆看起來就很不妙的料理，也是面帶笑容的吃下去了不是嗎？儘管那笑容有些許勉強……
對於料理上完美層面的追求似乎只停留在了「有營養」上，至於外觀和味道嘛……
「雖然有著毀滅性的味覺體驗，但是如果能撐過要昏厥的感覺好好吞下去的話，它對你的身體還是大有益處的。」──來自華佗的評價。
「畢竟是薇拉親手製作的飽含心意的便當！怎麼可能會有害呢……」──來自學長顫抖的聲援。
據說對於如何製作出補充機能的料理這件事上，薇拉還特地請教了校醫華佗，比如哪些醫草對身體有好處之類。對於薇拉的料理，華佗的看法似乎是「為了功能性而犧牲了美觀和味道，但整體還是不錯的營養物」。而薇拉本人的看法則是「咦？我覺得味道還不錯呀？」大概，對於味道的理解，薇拉跟大家有一點點輕微的偏差……"
366,薇拉,珍視之物,對薇拉來說，學園就像她的家一樣。每位學員都是不可替代的珍貴家人。無論是對於環境的潔癖也好，還是對於照顧大家這件事，都只是出於「想為重要的事物做點什麼」──她只是想在能力所及的範圍內替大家打理好一切。對她而言，在這個學園裡度過的每一天，都是閃閃發光的寶物。\n薇拉不知道的是，她對大家來說也是獨一無二的重要存在。畢竟在受傷的時候……有一個人一邊嘮叨一邊照顧你，也是挺美好的一件事不是嗎？
367,阿帕忒,秘密資料,"
[c][f55090]生日：[-][/c]3/4
[c][f55090]外表年齡：[-][/c]12
[c][f55090]討厭的禮物：[-][/c]{1}、{2}
[c][f55090]喜歡的禮物：[-][/c]{3}、{4}"
368,阿帕忒,緊急通知,「若在校內碰到這位看似嬌弱可憐、身邊帶著一條白色小蛇的惡魔少女，不要相信她說的任何話，儘快逃離！」\n\n即使風紀委員已經發佈了此般通知，阿帕忒的受害者依然有增無減。對這位「欺騙的惡魔」來說，戲弄他人便是最美妙的娛樂。阿帕忒帶有魔力的歌聲並不僅是悅耳動聽，同時還能蠱惑人心。她就是借著這種能力，若無其事地散播謊言、挑起鬥爭，將單純的學生們玩弄於股掌之間……不過幸運的是，阿帕忒的說謊技能本身並不算高超，只要能夠抵抗住她歌聲的誘惑，阿帕忒編織的謊言往往會由於她本人的失誤而功虧一簣，反而成為他人的笑柄……嗯，只要能抵抗住她的歌聲……唔……下次演唱會是什麼時候呢？
369,阿帕忒,笨拙的感情,"
大多數情況下，阿帕忒以本人的冒失畫下句號的謊言都會被人們一笑而過。不過，這有時也會成為平日裡的積怨爆發的契機。阿帕忒曾經因此被憤怒的人們設計關入陰冷的地下。也是在那黑暗的空間中，她遇到了神秘的白蛇「厄菲」，並視之為自己唯一的聽眾。

由於此段經歷，阿帕忒似乎格外地害怕孤單一人（儘管本人以罕見的堅定態度強烈地否定），同時也對被人無視而感到惱火。由此看來，阿帕忒的一個又一個謊言與騙局或許正是為了獲取他人的關注……而對於承受了長久的孤獨，無處學習待人接物的阿帕忒來說，那則是她腦海中與他人相處唯一的方法。

……不過，即便是瞭解到這一點，也沒必要故意上她的當吧？雖然她謊言（自以為）成功後的笑容的確稱得上純真可愛。但這種事情露餡大概只是時間問題，那之後會怎麼樣我可不管。"
370,阿帕忒,「偶像」之路,"
阿帕忒似乎對「偶像」這一職業有著非同尋常的興趣。不過，她所關注的重點並不是少女們在舞臺上熱情洋溢地舞蹈與歌唱的場景，而是台下的觀眾們為之狂熱的樣子。

在阿帕忒看來，此等熱烈的氛圍明顯不正常，必定是使用了某種見不得人的特殊手段。但這種想法並未讓她感到排斥，反而認為這簡直是為自己量身打造的完美職業。在她的腦海中，「偶像」被描繪成了利用語言和歌聲煽動人群，進而將其支配為下僕的邪惡形象。「如果能站在那種舞臺上歌唱，一定能體會到前所未有的滿足感！」阿帕忒如此想到，於是就此決定走上註定坎坷的頂級偶像之路。

那帶有蠱惑能力的歌聲迴響在舞臺上的場景令人不忍想像。但拋卻這點和阿帕忒對「偶像」的誤解不提，無論怎樣，這也不失為一個改邪歸正的好例子……吧？"
371,稀風,秘密資料,"
[c][f55090]生日：[-][/c]4/10
[c][f55090]外表年齡：[-][/c]15
[c][f55090]討厭的禮物：[-][/c]{1}、{2}
[c][f55090]喜歡的禮物：[-][/c]{3}、{4}"
372,稀風,止戰之風,稀風，這位自稱「駕馭疾風的戰士」的少女在幽夢學園的生活總是充滿了騷亂。並不是說她就是引發騷亂的人，而是……不知為何，當學園中有爭端發生時，她總能最先趕到現場，並在第一時間將其「平息」——當風紀委員姍姍來遲時，爭執的雙方也皆因缺氧而昏迷倒地，只剩被旋風捲起的塵土緩緩飄落。起初，學生們將稀風的行為歸咎於她衝動頑皮而愛湊熱鬧的天性，而在看到稀風受到風紀委員們的多次訓誡，依然執著地堅持以自己方式終止爭端後，她們似乎終於感覺到，對稀風來說，此種行為或許有著某種特殊的意義。
373,稀風,風之詩,風從千里之外漂泊而來，將來自遠方的訊息散播至陌生的土地。然而鮮有人能解讀風中的含義，即便敏銳如銀月也不過僅能捕捉其中的隻言片語。不過，這對稀風而言則似乎在字面意義上「如呼吸一般自然」。\n\n稀風經過特殊改造的身體無時不在吸收著周遭的空氣，再將其化作武器的同時分析著其中的含義：草木、花土、食物、野獸、人類、魔法、戰火、硝煙、混沌。這些獨特的「味道」中以恐懼與紛爭最令人煎熬。稀風之所以執著於平息人們的紛爭，在某種程度上想必不僅出於她本人的意志，同時也是這具身體帶來的本能。
374,稀風,風與血,"
彼時魯班對魔法的研究正要邁入新的階段，急需對其理論進行進一步驗證，而方法則是「人體實驗」。對魯班來說，問題之所在當然不是是否要進行實驗，她唯一的問題是，用誰來做？

不久之後，這個問題便得到了解決。

當魯班在旅途中遇到稀風時，後者已奄奄一息，身體因長久而嚴酷的戰鬥破敗不堪。魯班隨即竭盡所能地開始了對稀風的拯救（暫且不論魯班本人的動機是出自善心還是技術得以應用的興奮）。

就結果而言，稀風得以重獲新生。然而，當初的傷勢過於嚴重，稀風的身體始終未能恢復至萬全的狀態。應稀風本人的願望，魯班爽快地為其進行了更深的改造，即用全身對空氣進行分析並提取所需成分的能力，儘管這實驗性的技術有何代價尚未可知。

如今，風便是流淌在她體內的第二血液，如她本人一般自由而不羈。而存在於空氣中，稀風藉以維持生命的，則是魔法的神秘帷幕被魯班所揭開的其中一角。"
375,雲母,秘密資料,"
[c][f55090]生日：[-][/c]1/10
[c][f55090]外表年齡：[-][/c]18
[c][f55090]討厭的禮物：[-][/c]{1}、{2}
[c][f55090]喜歡的禮物：[-][/c]{3}、{4}"
376,雲母,口癖？怪癖？,"
端莊到有些一板一眼的劍聖，這是對雲母來說最貼切的形容了。
雲母曾經作為冒險家遊歷四方。在某種程度上她算是見多識廣了。
她經常一本正經地稱呼學長為「閣下」，認為這是對值得尊敬之人的必要稱呼。

每次遊歷到一個新的地區，她就會仔細觀察當地的建築。一開始或許只是無心的舉動，慢慢的雲母養成了這個習慣。不僅會去觀察一棟建築的結構是否夠堅固，也會去思考它的美學價值。到最後，甚至會去考量這棟建築背後的人文歷史──「飽經風霜經歷考驗後留下來的才是最有價值的。無論是建築，還是戰姬，還是人類。閣下認為呢？」"
377,雲母,害怕的事,在冒險途中，雲母往往不喜歡讓別人跟在自己的身後，總是堅持要站在隊友的背後。\n「也許是因為我太害怕了吧。回頭之後，才發現隊友都消失了……」，她的解釋讓許多人捉摸不透。在戰鬥中，雲母似乎從未使用自己的劍術，只用法術構築護盾保護大家。眾所皆知，作為上一代的劍聖，雲母的劍術相當精湛。卻很少有人知道，雲母放下劍、拾起盾的真正原因。
378,雲母,紀念同僚的獨特方式？,"
加入幽夢學園後，有一陣子，經常有人看到雲母在角落捏泥偶。
每當有人問起，她總是說：「那不過是打發時間而已。」
只有呂蒙會輕輕搖頭，叮囑大家不要一直打擾她。

對雲母而言，捏泥偶是她獨特的緬懷方式。
一邊將手中的泥巴塑造成形，一邊寄托哀思。每一個活靈活現的泥偶裡，都寄托著她的懊悔或悲傷。不過這行為在和學長及學園的大家相處得越來越久後，就慢慢減少了。或許對於現在的雲母而言，與其總是懊悔過去，不如把握當下的幸福和守護當下所珍視的一切吧。"
379,凡赫辛,祕密資料,"
[c][f55090]生日：[-][/c]9/1
[c][f55090]外表年齡：[-][/c]18
[c][f55090]討厭的禮物：[-][/c]{1}、{2}
[c][f55090]喜歡的禮物：[-][/c]{3}、{4}"
380,凡赫辛,宿敵？朋友？,血紅色瞳孔裡透露著高傲。不錯，凡赫辛對自己吸血鬼獵人的身份的驕傲和堅持是刻在骨子裡的。\n驕傲或許是與生俱來，堅持則源自於過去的經歷。偶然遇見的溫暖村民、接納自己戰姬身份的村民、並肩作戰一起生活的村民──這一切美好的生活皆因為那隻被混沌影響的吸血鬼戛然而止。拿起弩，第一次將吸血鬼穿透的那一瞬間，凡赫辛成為了吸血鬼獵人。然而，在面對無比強大的吸血鬼始祖德古拉時，用盡弩箭的她被德古拉重傷，奄奄一息。不知道是出於憐憫，還是惡意的嘲弄，德古拉將自己的鮮血賜予凡赫辛。吸血鬼始祖的鮮血，讓凡赫辛起死回生，也讓她成為了自己最厭惡的種族──吸血鬼。自此，凡赫辛一度陷入強烈的自我懷疑和自我厭惡裡。為了克服想吸血的衝動，凡赫辛被迫遠離了人類社會。
381,凡赫辛,矛盾所在,絕不欺淩弱小是凡赫辛的信條，這點在對待對手也一樣。面對失憶後的德古拉，凡赫辛感到非常憤怒，這股憤怒究竟是因為無法馬上報仇還是某種說不清的情緒，凡赫辛自己也不清楚。而且現在的德古拉似乎還保護著幽夢學園……面對這樣的德古拉，凡赫辛的內心產生了一絲憎惡。她不相信德古拉是正義的一方，也不相信惡人會做什麼好事。自己這副模樣就是最好的證明……
382,凡赫辛,「學長」,在大多數人眼裡凡赫辛是很高冷的存在。哪怕這份冷冰冰的距離感是她為了保護其他人而產生的，因為只要和其他人靠得太近，她就會不可遏制的產生吸血衝動。然而凡赫辛的高冷矜持在面對學長的時候總是消失得無影無蹤。學長似乎是整個幽夢學園裡唯一能讓凡赫辛敞開心扉的人。這是為什麼呢……
383,皮皮洛,祕密資料,"
[c][f55090]生日：[-][/c]4/1
[c][f55090]外表年齡：[-][/c]7
[c][f55090]討厭的禮物：[-][/c]{1}、{2}
[c][f55090]喜歡的禮物：[-][/c]{3}、{4}"
384,皮皮洛,邪術天才,"
看似柔弱的身軀里有極大的爆發力，這句話用來形容皮皮洛一點沒錯。
她的火焰發明就和她驚世駭俗的性格一樣大膽跳脫。潛心研究魔法的法師夫婦在孤兒院中一眼就相中了這位精靈少女，有意讓皮皮洛繼承自己衣缽的魔法師夫婦曾對她有過魔法指導。然而可惜的是，皮皮洛的魔法天賦好像沒有她父母想象的那麼高。

皮皮洛點燃第一道火花的時候，她的父母覺得非常詫異。這也難怪，畢竟皮皮洛使用的並不是他們引以為傲的魔法。比起研究魔法，她更喜歡窩在實驗室里搗鼓各種奇奇怪怪的技術。這些利用科學的技術在魔法師夫婦眼裡甚至可以稱之為「邪術」。雖然很多時候他們也很驚訝那些所謂的「邪術」居然可以達到跟魔法同種程度的效果……「魔法？那種東西也不是不會啦！但是皮皮洛我發明的煙火可是更厲害的存在哦！因為這盛大的煙火能夠給人帶來的歡樂可是魔法所比不了的呢~那麼，想要看看嗎——」"
385,皮皮洛,危險的才華,"
在來到幽夢學園前，皮皮洛度過了很長一段時間跟父母在一起生活的日子。
那時皮皮洛的養父母作為魔法師考察隊駐紮在一處村落里。皮皮洛跟當地小孩子們很快熟絡了起來。當村裡的大人們外出幹活時，皮皮洛就負責照顧那些在家的小孩子——說是照顧，其實皮皮洛是當之無愧的「孩子王」，她總是能跟孩子們玩到一起去，並且她的煙火及小型炸彈，總能讓哭泣的小孩子停止悲傷專心看她變戲法……皮皮洛研製出的炸彈破壞力最猛的一次是直接將一座無人山夷為平地……相比較起來，她平時在試驗炸彈時搞出的動靜——比如把村民的房頂震掉幾塊磚這種程度的破壞似乎算是小打小鬧了。雖然每次研製的火藥系發明總是會出各種各樣有驚無險但確實令人無言的紕漏，但是在逗弄小孩子上，皮皮洛從未出過差錯。

煙火以及小型花火的火藥劑量控制在安全範圍內，僅僅只是變戲法的程度而已。"
386,皮皮洛,家人的羈絆,"
皮皮洛身上總是掛着一個包。
她從不離身——哪怕是在搗蛋後光速逃離作案現場的時候也不曾落下。據皮皮洛說，那裡面是她「家鄉的證明」。是重要的家人給予的「重要的約定」。包里具體是些什麼沒人知道，裡面的東西只有皮皮洛自己清楚。

——「會有什麼呢？大概是一張藏寶圖吧。」——來自織田信長。不管是初始皮皮洛的人還是熟識她的人——只要你接近她就會發現她有一個小習慣。每次一到一個新的地方，或者發現了什麼新奇的物件。她都會小心翼翼的從包里拿出一張紙仔細比對，然後輕輕在紙上劃一個圈或一個叉。

據說，那張紙是她的「藏寶圖清單」。至於為什麼這麼珍視這份清單，那一定是因為——「只要將這世界上不可思議的珍寶收集齊！皮皮洛就能回家啦。」"
387,暗月,祕密資料,"
[c][f55090]生日：[-][/c]10/31
[c][f55090]外表年齡：[-][/c]18
[c][f55090]討厭的禮物：[-][/c]{1}、{2}
[c][f55090]喜歡的禮物：[-][/c]{3}、{4}"
388,暗月,地獄中的救贖,暗月是來自地獄的飛蛾。殺手不應該有感情。從她記事起，她便被這樣教導。不過，即使沒有，她也不會有任何對世界萬物的「憐憫之情」。因爲她是來自地獄的飛蛾。她是「殺手暗月」。世界萬物在她眼裡都不重要。究竟是天生冷漠還是後天的經歷使然？這個問題在遇到學長以前沒有答案。在遇到學長以後，這個問題仍然沒有答案。只世間萬物仍然不重要，這個世界仍然可以隨時毀滅。但多了一個「即使世界毀滅，也希望他存在的人」。那就是學長。學長，這個人的存在。比世界還要重要呢。就像照進幽暗地底的光芒一樣……
389,暗月,殺手的伎倆,暗月有一個很神奇的能力，就是預測能力。當然並不是薇薇安那種占卜預知未來的能力，而是更爲實用的。比如在切磋棋藝的時候精準無比地預測對手的下一步棋路，比如在外出的時候精準感知到天氣的變化。究其原因，這大概是一種來源於「殺手的預感」，暗夜月作爲殺手最出色的能力是「能夠成功預判對手的行爲」。基本百發百中。這個對手是不限對象的。宏觀到天氣，微觀到具體的人事物。基本上她都可以預測準確。但這並非天賦異稟，這種看似犯規的能力來源於她對死亡的恐懼。暗月討厭恐懼著死亡，對她而言，「預判」與其説是作爲「殺手」培養的能力。不如說是爲了更好的在每一次任務中活下來，而發展出的獨屬於暗月的「殺手的伎倆」。
390,暗月,「約定」,如果你問暗月學長是一個怎樣的人，暗月會回答說學長是一個溫柔、善解人意的人。儘管很多人對她癡迷學長的行爲感到不理解，但是只有暗月自己知道，因爲經歷過孤獨，所以瞭解獨自一個人的辛苦。因爲給予愛，所以知道愛的溫柔。這就是學長。雖然學長對她的「愛」有那麽點不是太特別。暗月希望著有一天，她能夠成爲學長心中那個特別的人。
391,槲寄生,祕密資料,"
[c][f55090]生日：[-][/c]3/16
[c][f55090]外表年齡：[-][/c]16
[c][f55090]討厭的禮物：[-][/c]{1}、{2}
[c][f55090]喜歡的禮物：[-][/c]{3}、{4}"
392,槲寄生,初次相逢,學長在周邊林中巡邏時，聽說了一個傳聞：林中有仙女，經常給予路過的旅者祝福。當然這個傳說還有另一個版本。就是樹枝會變成妖怪抓走旅者……為了驗證傳聞的真實性，學長夥同銀月一起去林中一探究竟。是妖怪的話還好，萬一是混沌就麻煩了。抱著這樣的念頭，學長和銀月兵分兩路去森林探索。在經過一個枝頭的時候，學長的衣角掛在了植物上……這便是他們初次的相遇。
393,槲寄生,贊頌愛情,做什麽事都畏手畏腳的槲寄生，不知道爲什麽，只要遇到愛情相關的事情。就會變得大膽而浪漫。她會爲了終成眷屬的有情人們送上祝福。並平時結結巴巴的她會在那個瞬間變成出口成章的大文豪……這個現象讓學長非常的不解和佩服……
394,槲寄生,研究樂理,槲寄生的橫笛水準已經到了相當棒的地步。她非常喜歡研究樂理。並且對於樂理知識有著相當高的天賦。「體育方面有多白癡，音樂方面就有多天才」──來自諸葛亮的觀點。大家都不知道的是，對於害羞的槲寄生來説，音樂是她唯一一個不用語言表達就能夠傳遞心意的方式。並且美妙的樂曲也會爲人們帶來幸福。這樣的事物誰不喜歡呢？
395,特蕾莎,祕密資料,"
[c][f55090]生日：[-][/c]11/26
[c][f55090]外表年齡：[-][/c]17
[c][f55090]討厭的禮物：[-][/c]{1}、{2}
[c][f55090]喜歡的禮物：[-][/c]{3}、{4}"
396,特蕾莎,暴力教會,一開始，幽夢學園的大家對這個長相姑且還算端莊，但是行事方式特別粗魯的不速之客抱持敬而遠之的態度。雖然是個修女，但是完全沒有與之相關的信仰。不夠溫柔，也很暴力。每每被提及此事，特蕾莎總是不以為然。有什麼是打一架不能解決的呢？能動手的盡量動手，能不動口的就盡量不動口。畢竟這世界上言語所不能傳遞的感情太多了，在拳腳交流中互相瞭解彼此是最好的方式──這是特蕾莎的人生信條。對此，諸葛亮等人的評價是──“不愧是暴力教會出來的人啊。”
397,特蕾莎,墨鏡狂徒,特蕾莎有一個小愛好。囤積墨鏡，打折的，過季的，時下最流行的，樣式比較復古的。她收集了不少墨鏡。一定要解釋為什麼會有這個行為的話，“因為戴墨鏡的自己比較酷，可以隨時藏起情緒。”畢竟，用拳頭說話的人，表情管理太重要了。對於一個表情過於豐富的人來說，墨鏡可是很重要的道具呢！
398,特蕾莎,隨心所欲,修女怎麼了，修女就不可以吃著麻辣小魚乾戴著墨鏡兇神惡煞收保護費……不對！修女就不可以拿著麻辣小魚乾樂善好施以及表情帥氣的講話嗎？“不要從一個人的外表輕易判斷對方是怎樣的人。”特蕾莎從不在意那些閒言閒語，她的日常就是嚼著麻辣小魚乾跟神明大人說話。啊？你說天天禱告？那個太難了啦，每天都和神明大人聊很多，會讓他很煩的……
399,菲斯納,祕密資料,"
[c][f55090]生日：[-][/c]12/11
[c][f55090]外表年齡：[-][/c]15
[c][f55090]討厭的禮物：[-][/c]故事書、櫻花扇
[c][f55090]喜歡的禮物：[-][/c]狐面、邪能果汁"
400,菲斯納,迷人的反派角色？,菲斯納的偶像是路西法。她對路西法是很崇拜。立志成為一個迷人的反派角色是菲斯納的短期小目標。長期目標是超越路西法。日常目標是在惡作劇這部分贏皮皮洛、阿帕忒一次。由於本人過於粗神經導致的遲鈍讓她在捉弄人這方面屢戰屢敗，但不屈不饒的精神又讓她屢敗屢戰……總之，在幽夢學園裡，除了菲斯納自己覺得自己是個迷人的反派角色以外，在其他人眼裡……她大概是個笨蛋。
401,菲斯納,壞蛋還是笨蛋？,如果你當著菲斯納的面說她是個笨蛋的話，她大概會直接撲上來叫囂著要跟你打一架。如果你提出要跟她比試惡作劇的話她會欣然同意。然後在惡作劇中遭到何種對待，她都不會記恨你。反而會對你感激萬分。有的時候對各種作弄有著極大容忍度的菲斯納，會給人一種大智若愚的感覺。每當她被惡整後會給你一個特大的笑臉，告訴你「謝謝你！我的素材庫又豐富了呢！」那份笑容裡滿懷的真誠……甚至有著療癒的感覺。這樣的舉動背後究竟是因為她具有高尚的品德，還是因為她真的只是單純少根筋——這個頗有爭議的話題在幽夢學園一度引起了極大的討論度……
402,菲斯納,只是個笨蛋。,皮皮洛的日常是搗蛋，而阿帕忒的日常是捉弄他人。至於菲斯納……的日常則是被整。而諸葛亮會長目前的工作……在菲斯納來到幽夢學院後多了一項——被動收拾爛攤子。當你看見諸葛亮會長帶著頭痛的表情和華佗醫生匆匆忙忙去哪的時候，不用懷疑，應該是菲斯納又掛在哪棵樹上了或者又被什麼裝置卡在了什麼莫名的地方，總之——「的的確確不用懷疑的是，她就是個笨蛋。」來自諸葛亮會長的篤定之言。
403,后羿,祕密資料,"
[c][f55090]生日：[-][/c]6/21
[c][f55090]外表年齡：[-][/c]16
[c][f55090]討厭的禮物：[-][/c]生態瓶、鋼筆
[c][f55090]喜歡的禮物：[-][/c]彈弓、稀有護符"
404,后羿,耿直？固執？,作風正派又死板，全身都散發著優等生的氣質。這是大多數人對后羿的第一印象。端莊的外表下有著一顆過於正經的靈魂，做事一板一眼的她在多數時候會跟他人產生溝通上的障礙，認定的事即使被人阻止或者在客觀上被證明是錯的也會耿直的一錯到底……能阻止她這一點的人，大概也只是她常掛在嘴邊惦記想念的嫦娥了。
405,后羿,習慣？,后羿一直保持著晨練的習慣。與別人的常規晨練不同，后羿的晨練不是晨跑而是練習射箭——迎著第一縷陽光而進行的日復一日的修行。幽夢學園內最為律己的人大概就是后羿了。每當太陽升起，后羿就會準時起來開始練習。——「迎著強光進行的訓練會讓人回憶起那日的痛苦。我不會忘記那日的一切。我要把那份沉重刻在靈魂裡繼續前行。」墜落的太陽、失蹤的嫦娥、這些在和平的幽夢學園並不存在的夢魘卻實實在在也時時刻刻困擾著后羿，讓她每夜睡得並不踏實。很難說她每日的定點修行是為了逃避噩夢還是真的自律性超強……
406,后羿,月亮與執念,嫦娥與后羿曾經生活在一起。她們度過了一段互相扶持的日子。曾經的后羿十分軟弱，遇到魔物來襲就躲在嫦娥背後。嫦娥也樂意保護著后羿。直到那個黑暗的日子來臨前，她們一直過著幸福平淡的日子。這樣的生活，是當時的后羿以為的永恆。在失去嫦娥後很長一段時間裡，后羿一個人獨自摸索著。孤單的旅途中，唯有掛在天上的那輪明月是她心中唯一的慰藉。孤獨的旅者是后羿，而旅途的終點是一輪圓月。一定會和嫦娥再次相見。這件事成了后羿心中超越信念的存在。
407,凱茜,祕密資料,"
[c][f55090]生日：[-][/c]1/26
[c][f55090]外表年齡：[-][/c]21
[c][f55090]討厭的禮物：[-][/c]棋子、稀有護符
[c][f55090]喜歡的禮物：[-][/c]狐面、生態瓶"
408,凱茜,丹青炸彈,凱茜是一等一的殺手。她身穿青衣，棕色髮絲中泛著一抹紅色的光澤。在這片叢林裡，經常可以看見一抹豔麗的青影中夾雜著丹紅色光芒，在樹木間穿梭。雖然凱茜有著貓的敏捷，但她毫無貓咪的好奇心。與其他有奇怪癖好的同僚──比如暗月這樣的──喜歡折磨自己的獵物的人相比，凱茜對叢林外的世界毫無興趣，每次出任務都是想著速戰速決。乾脆俐落，從不拖泥帶水。能夠以遠超同行三倍的速度解決獵物。凱茜在這一行裡的名聲很響亮。因為那一閃而過、從未被人捕捉到的、丹紅與青色交織的身姿，大家都叫她──“丹青炸彈”。
409,凱茜,殺手美學,與暗月不斷研究，不斷精進自己的暗殺技術不同，凱茜從未在暗殺這塊花太多心思。對她來說，研究這個毫無意義。她所有的殺手才能都是天生的，就像貓咪天生會捕獵一樣。凱茜也是天生的絕佳獵手。此外，如同暗月有自己的殺手美學一樣，凱茜也有。比起慢慢折磨目標而死，凱茜更傾向於給對方一擊必殺的致死傷。無論對方是什麼種族，是人類還是魔物，哪怕是混沌──殺手對於生命最大的仁慈和尊重應該是乾脆俐落的結束對方的生命。
410,凱茜,“不必要的自尊心”,利用叢林的環境作為掩護，潛伏在複雜的地形中誘敵深入，再給予對方要害一擊必殺的創傷，是凱茜的拿手好戲。但這項得意技能在進入幽夢學園後有些許失色。比起不挑地形的暗月，凱茜總有些心裡的疙瘩。自己對殺人本身就沒什麼興趣，但暗殺技術在凱茜的定義裡屬於專業能力。業務上輸給自己看不上的暗月，這令凱茜十分不爽……
