id,name,desc,skill_desc1,skill_desc2,skill_desc3,skill_desc4
851001,周瑜,1、隠匿学部に所属する一風変わったプリースト戦姫。ダメージが高く、特にHPが半分未満の敵に対して、ダメージが2倍になる。\n2、速度が遅いため、拘束スキルは後発になりやすい。\n3、ゲーム序盤、中盤では使えるが、終盤は少し力不足を感じる。最上階とPVPで、拘束スキルが少ないチームに対して、有利に立ち回れる。,アクティブスキルは後列にダメージと石化効果を与える。\n自身の基礎攻撃力が高いため、先手で出すことができれば、効果は抜群。,強化スキル。通常攻撃は前列を攻撃する。関羽、趙雲、織田信長などブロックが高い戦姫に対して、効果がある。,強化スキル。ブレイクと攻撃力がアップする。,強化スキル。HPが低い時、自身のダメージ能力を3ターン大幅にアップする。
851002,張郃,1.隠匿学部に所属する、ある程度ダメージ能力を持つアサシン戦姫。一定の回復能力を持ち、流血状態の敵に対して、ダメージが増加する。\n2.ゲーム序盤ではPVEにおいて高いダメージ力で貢献できる。\n3.HPが低く、拘束スキルに弱いため、拘束耐性とHPのステータス強化がお勧め。,アクティブスキルはランダムで2体の敵にダメージを与え、さらに追加ダメージを与える。相手がレンジャーの場合、さらにダメージが大幅アップする。\n星6以降、ターゲット数が2体から3体に増加する。\n星10以降、回復効果が追加される。,強化スキル。攻撃するたび（通常攻撃含む）、突破力がアップして、敵に継続ダメージを与える。,強化スキル。ブレイクと攻撃力がアップする。,回復スキル。攻撃力が高い程、回復量が増加する。
851003,とうたく,1、隠匿学部に所属するウォーリア戦姫。前列1番の位置を担当することが多い。\n2、星10以前は生存能力も基礎攻撃力も低めだが、星10になると能力が大幅に変化して、一定の拘束能力を獲得する。,アクティブスキルは敵の後列にダメージを与え、回復効果がある。\n星10以降は凍結効果が追加される。\n回復効果は攻撃力と関係がある。董基礎攻撃力は不足しているが、当スキルは星10以降に大幅に強化される。,強化スキル。ブレイクと生存能力をアップ。,回復スキル。ブロックが発動すると、一定HPを回復する。,回復スキル。星10でスキル効果が大幅に変化して、優れた回復能力を持つ。
851004,ドラキュラ,"
1、隠匿学部に所属するダメージ型戦姫。
2、ソーサラーキラー。最上階に行く時、ソーサラーチームに対して強い。
3、HPが最も低い敵を優先攻撃するため、確実に敵を落とすことができる。
4、回復スキルを有するため、星6以降は前列1番の位置を担当することが多い。",アクティブスキルはランダムで3体の敵戦姫にダメージを与える。敵がソーサラーの場合、気絶と追加ダメージを与える。\n星6になれば、ターゲットの数は3体から4体になる。,強化スキル。ダメージ能力と生存能力をアップ。,キラースキル。通常攻撃を強化して、HPが最も低い敵をターゲットする。,強化スキル。HPが80%未満になると、ダメージが増加して、HPを継続回復する。
851005,孫悟空,1、隠匿学部に所属するダメージ型戦姫。\n2、アサシン戦姫を気絶させて、気絶した相手に対してダメージが増加するため、最上階に行く時、アサシンチームに対して強い。\n3、速度が遅く、後手に回りやすいため、速度増加のステータスがお勧め。,"
アクティブスキルはランダムで3体の敵にダメージを与え、アサシンタイプの戦姫に気絶と追加ダメージを与える。
星6以降、ターゲットする敵が3体から4体に増加。
星10以降、アサシンタイプの戦姫に対して、さらに毒効果を与える。
当スキルはダメージが高く、アサシンタイプに対して非常に強力。",拘束スキル。確率で攻撃した敵を気絶させる。,強化スキル。気絶している相手に対して追加ダメージを与える。パッシブ1と他の気絶タイプの戦姫と合わせて使用することをお勧めする。,強化スキル。敵の防御力を減少させて、ダメージ能力を上昇させる。
851006,鄧艾,"
1、隠匿学部に所属する強力な凍結能力を持つウォーリア戦姫。
2、アクティブスキルは前列の戦姫にダメージを与え、高確率で凍結効果を与える。前列の敵への制限が強い。
3、攻撃を受けた時、確率で相手を凍結させると同時に、HPを回復して防御力を増加できるため、強い持続力と生存能力を持つ。
4、星数を問わず、育成しておくべき戦姫。",アクティブスキルは前列の戦姫にダメージを与え、高確率で凍結効果を与える。同時に自身のHPを回復して、生存能力を増加する。,拘束スキル。攻撃を受けた時、確率で相手を凍結させる。相手がウォーリアの場合、確率が増加する。,強化スキル。攻撃力と生存能力を増加して、凍結効果を無効化する。,回復スキル。HPが低い時、自身のHPを大幅回復する。
851007,孟獲,1、隠匿学部に所属するダメージ型戦姫。\n2、星10以前はスキルの攻撃効果は良くないが、星10になると敵に大ダメージを与えると同時に、30%の攻撃力を減少させられる。,アクティブスキルはHPが最も低い敵を攻撃し、相手の攻撃力をダウンさせる。\n星10以降は効果が発動した時、高めの追加ダメージを与える。,強化スキル。攻撃力と生存能力を増加する。,強化スキル。攻撃するたび（通常攻撃を含む）、ダメージ能力が増加する。,強化スキル。HPが低い時、ダメージ能力が大幅に強化する。
851008,千本桜,"
1、隠匿学部に所属する拘束タイプの戦姫。敵を石化させ、石化状態の敵へのダメージがアップ。
2、持続力と拘束能力が高く、PVPでは拘束の主力として活躍できる。
3、高いダメージ軽減があり、石化無効のため、生存能力が高い。
4、拘束タイプの戦姫がほしい場合は育成をお勧めする。",アクティブスキルは敵後列の戦姫にダメージを与え、一定の確率で石化させる。同時に相手の防御力を低下させる。,強化スキル。攻撃力と生存能力を増加して、石化効果を無効化する。,強化スキル。通常攻撃は後列を攻撃し、石化効果を与える。同時に、石化したターゲットに対して、追加ダメージを与える。,強化スキル。HPが低い時、ダメージ軽減率を増加して、生存能力を強化する。
851009,甘夫人,1、隠匿学部に所属するダメージ型戦姫。\n2、通常時のダメージは普通だが、倒された後、相手に大ダメージを与えることができる。\n3、戦姫が倒されることにより能力が強化される、曹操やイサウ＆ヤコブなどとの相性が良い。,アクティブスキルは敵全体にダメージを与え、ウォーリア戦姫に沈黙効果を与える。\n星10以降は、攻撃力を継続的に増加させ、ダメージ能力を強化する。,強化スキル。味方の戦姫が倒された場合、会心率と攻撃力を増加して、ダメージ能力を大幅に強化する。,強化スキル。生存能力とダメージ能力を強化する。,コアスキル。自身が倒された後、敵全体に多大なダメージを与える。
851010,司馬懿,"
1.隠匿学部に所属する集中ダメージ能力が特徴のアサシン型戦姫。
2.通常攻撃は、ランダムで後列の敵1体にダメージを与える。
3.高めの攻撃力、速度に加え、毒ダメージアップや気絶効果もあるため、優秀な火力役の戦姫である。
4.「束縛の一撃」がレベル3になると、通常攻撃で敵を100%気絶させられるようになり、特に1対1で真価を発揮する。さらに、アクティブスキルにはダメージ軽減効果もあるため、弱点の防御面もカバーできる。","
アクティブスキルはランダムで敵後列の戦姫1体にダメージを与え、追加で毒効果を与える。さらに一定確率で敵を気絶させる。
星6以降、ターゲットが2体に増加する。
星10以降はさらにダメージ軽減率が追加され、生存能力を強化する。
毒効果があるため、他の毒攻撃戦姫と組み合わせることをお勧めする。",強化スキル。ダメージと生存能力をアップ。毒状態の敵に与えるダメージが増加。,強化スキル。攻撃するたび（通常攻撃を含む）、確率で気絶効果を与える。,強化スキル。HPが低い時、ランダムで後列の敵2体に追加の毒ダメージを与える。\n星10以降は、ターゲットは敵後列全体になる。
851011,バニラ,"
1.隠匿学部に所属する万能型戦姫。
2.高いダメージを持ち、敵にダメージを与えると同時に持続ダメージを与え、さらに凍結と石化効果を与える。
3.敵が石化または凍結するたび、大量のHPとエネルギーを回復できるため、生存能力が高い。
4.敵の攻撃力を減少させられるため、どんなチームでも役立ち、ゲーム序盤、中盤に活躍する。
5.万能型の戦姫を所持していない場合、育成をお勧めする。",アクティブスキルはランダムで敵4体にダメージと毒効果を与え、一定確率で凍結、石化効果を与える。,強化スキル。通常攻撃は、2体の敵を攻撃して攻撃力吸収効果を付与する。攻撃力吸収効果の追加により、チームの生存能力を強化できるようになった。,強化スキル。攻撃力と生存能力を強化する。会心率を増加して、ダメージ能力を強化する。,回復スキル。敵が石化または凍結するたび、大量のHPとエネルギーを回復できる。\n当スキルがあるため、強い生存能力とダメージ能力を兼ね備えている。
852001,貂蟬,1、神威学部に所属するアシスト型戦姫。\n2、味方の速度を増加させ、先手を打つことができる。\n3、味方の攻撃力と防御力を増加させ、HPが低い時、再度味方の攻撃力を増加させ、敵の全体の防御力を低下させることができる。,アクティブスキルは敵全員にダメージを与え、味方の速度を加速することができる。\n星10以降は、敵のブレイクを低下させ、味方のダメージと速度を強化できるため、先手を打つことができる。,強化スキル。生存能力と速度を強化する。,強化スキル。通常攻撃は、分裂して敵を2体攻撃する。\n星6以降は3体になる。,強化スキル。HPが低い時、味方の攻撃力を増加して、敵の防御力を低下させる。\nPVP時、当スキルにより、味方の役に立ちやすい。
852002,荀彧,1、神威学部に所属するアシスト型戦姫。\n2、純粋なヒーラー。高めの回復効果を持つ。\n3、拘束スキルにやられやすいため、装備などで速度をあげて先手を打つ必要がある。,アクティブスキルは味方全体に治療効果。治療効果は攻撃力によるもので、30%の確率で大量のHPを回復する。\n優れた治療效果を持ち、大量なHPの回復も可能。\n当スキルは星10以降に大幅強化される。,強化スキル。通常攻撃に追加ダメージと継続回復効果を付与する。,強化スキル。生存能力と治療効果を強化。,強化スキル。HPが低い時、味方全員のHPを1回回復する。
852003,夏侯惇,1.神威学部に所属するウォーリア型戦姫。前列1番の位置を担当することが多い。\n2.HPが50%未満になると味方全員の防御力をアップする。張飛のような高防御力の戦姫と相性抜群。\n3.ゲーム序盤の育成をお勧めする。,アクティブスキルは敵後列にダメージを与え、一定確率で気絶効果を与える。\n星10以降はダメージ軽減効果が追加され、生存能力が強化される。,強化スキル。生存能力を強化する。,カウンタースキル。会心攻撃を受けた時、相手にダメージを与える。,強化スキル。HPが低い時、味方の生存能力を強化する。\n非常に強力なスキル。中盤以降のサークルボス戦で活躍できる。
852004,曹操,1.神威学部に所属するメインダメージ型戦姫。\n2.各スキルの自身に対する効果が高く、戦闘が長引くほど強くなる。\n3.戦姫が倒されると火力がアップするため、曹休、甘夫人のようなアシスト型やHPの低い戦姫と相性抜群。,アクティブスキルは敵全体にダメージと燃焼効果を与える。\n星10以降は自身の会心ダメージと攻撃力を増加して、ダメージ能力を大幅に強化する。,強化スキル。味方が倒されるたび、自身の攻撃力とスキルダメージが増加する。\n当スキルにより、味方が倒されると、大量のダメージを与えることができる。,強化スキル。敵の戦姫が倒されるたび、曹操の会心率と会心ダメージを強化する。\n戦闘終盤、当スキルにより、曹操は驚愕のダメージ能力を獲得する。,強化スキル。生存能力とダメージ能力を強化する。
852005,趙雲,1、神威学部に所属するダメージ型戦姫。\n2、優れた火力と拘束能力を持ち、敵全体にダメージを与えると同時に凍結できる。凍結状態の敵へのダメージがアップするため、凍結スキルを持つ戦姫と組めばさらに強くなる。\n3、生存能力をアップしてから1番に設置すれば、ダメージ効果を最大限発揮できる。,アクティブスキルは敵全体にダメージを与え、一定確率で凍結させる。\n星10以降、スキルを使用すると、追加のエネルギーを獲得する。,強化スキル。突破力と攻撃力を増加。,カウンタースキル。攻撃を受けた時、相手の攻撃力を低下させ、自身の攻撃力を増加する。,強化スキル。凍結した敵へのダメージが増加。\n他の凍結スキルを持つ戦姫と組み合わせると良い。
852006,大喬,1、神威学部に所属する拘束型戦姫。\n2、倒された時、敵の後列にダメージを1度与える。最上階攻略に役立つ。\n3、星10以降は高確率で敵を拘束できるため、拘束型戦姫がほしい場合は育成をお勧めする。,アクティブスキルはランダムで敵にダメージを与え、一定確率で気絶させる。\n星10以降、当スキルは敵全体を攻撃できる。,強化スキル。攻撃力と生存能力を増加する。,拘束スキル。倒された時、一定確率で敵後列を気絶させる。\n星10以降、拘束スキルの効果が強化される。,強化スキル。攻撃するたび（通常攻撃含む）、一定確率で気絶効果を与える。\n星10以降、確率が上昇して、優秀な拘束効果を発揮する。
852007,張飛,"
1、神威学部に所属するメインのダメージ型戦姫。
2、高い防御力を持ち、自身より防御力が低い敵にカウンター攻撃を発動するため、PVPではかなり有利。
3、敵の防御力をダウンさせられるため、PVEではメインダメージキャラとして使われている。
4、どんな場合でも出陣できるため、前列のダメージキャラがほしい場合は育成をお勧めする。",アクティブスキルはランダムで3体の敵にダメージを与え、相手の防御力を低下させて追加ダメージを与える。ウォーリア型の戦姫にはダメージがさらに増加する。\nウォーリア型の戦姫に対して強い。,強化スキル。攻撃するたび（通常攻撃含む）、ターゲットに防御力低下と追加ダメージを与え、燃焼状態の敵へのダメージがアップ。,強化スキル。生存能力とダメージ能力を強化する。,カウンタースキル。張飛は防御力が高めのため、発動し易い。蔡文姫と組ませることをお勧めする。\n注意：カウンターではパッシブスキルの効果は発動しない。
852008,夏侯淵,1、神威学部に所属するダメージ型戦姫。\n2、スキルの特性により、HPが最も低い敵を攻撃するため、確実に敵を落としたい場合に活躍できる。\n3、直接ダメージ以外、高比率の持続ダメージを与える。,アクティブスキルはランダムで後列の敵2体にダメージを与え、さらに追加ダメージを与える。\n星10以降、ダメージの比率が高くなり、ダメージ能力が強化される。,強化スキル。攻撃するたび（通常攻撃含む）、一定確率でターゲットに追加ダメージを与える。\n星10以降、確実に追加ダメージを与える。,強化スキル。HPとダメージ能力を強化する。,強化スキル。通常攻撃は敵の最もHPが低い敵を攻撃して、相手の攻撃力を吸収する。\nこれにより、夏侯淵は低HPに対して一定の力を発揮して、チームの生存能力を強化することができる。
852009,関羽,1、神威学部に所属する一風変わったブロック型戦姫。\n2、攻撃するたびに、自身のブロックと攻撃力をアップし、受けるダメージを減少させる。\n3、乱撃がレベル3になると、通常攻撃は敵前列を狙い、敵2番に対して強め。,"
アクティブスキルは敵前列の戦姫にダメージを与え、自身の攻撃力を増加する。
星6以降はソーサラー戦姫に対して追加ダメージを与える。
星10以降、ランダムで4体の敵にダメージを与え、流血と毒ダメージを与える。同時に自身の攻撃力を増加する。
星10前、当スキルのターゲットは前列の敵で、敵の2番位置を抑えることができる。星10以降、ターゲットがランダムになる為、他の毒攻撃戦姫と組み合わせて使用することをお勧めする。",強化スキル。生存能力と速度を強化する。,強化スキル。攻撃するたび（通常攻撃含む）、生存能力と攻撃力を増加する。,強化スキル。通常攻撃は前列の敵にダメージを与える。2番の位置を抑えることができる。
852010,曹植,"
1.神威学部に所属する火力役の戦姫。
2.通常攻撃は、ランダムで3体の敵にダメージを与える。
3.星10以降、アクティブスキルは確実にプリースト戦姫を気絶させる。プリースト戦姫に対して強く、最上階攻略に役立つ。
4.攻撃を行うたびに敵の会心率と攻撃力を低下させ、チームのダメージを通りやすくする。",アクティブスキルは敵全体にダメージを与え、プリースト戦姫に対して一定確率で沈黙効果を与える。\n星10以降、スキルは大きく変化し、沈黙ではなく、気絶効果と追加ダメージを与える。拘束効果が上昇し、プリーストキラーとなる。,強化スキル。敵の攻撃力を低下させ、チームの生存能力を強化する。,強化スキル。ダメージと生存能力を増加する。\n星6以降、増加の幅が大きくなる。,強化スキル。攻撃するたび（通常攻撃を含む）、一定確率でターゲットの会心率を低下させ、自身の攻撃力を増加できる。\n星10以降、発動確率が高くなり、敵戦姫のダメージ能力を大幅に低下させることができる。
852011,陸遜,"
1、神威学部に所属する拘束型戦姫。
2、優秀な拘束能力とダメージ能力を持ち、アクティブスキルはランダムで敵4体にダメージを与え、敵3体に別々の確率で気絶させられる。
3、味方がスキルを発動すると援助攻撃を発動し、一定の確率で気絶させる。
4、PVPに強い。先手を打つため、速度のステータスがお勧め。",アクティブスキルはランダムで4体の敵にダメージを与え、安定した単体拘束を与える。\n陸遜の速度と合わせて、敵に有効な拘束効果とダメージを与える。,強化スキル。味方がスキルを使用した時、協力攻撃を行い、気絶効果を与える。\nダメージと拘束が合わさったスキル。,強化スキル。生存能力、拘束、ダメージを増加。全面的なパッシブスキル。,強化スキル。HPが低い時、ダメージ軽減の比率を5ターン増加する。
853001,左慈,"
1.風見学部に所属するメインのダメージ型戦姫。
2.通常攻撃は敵全体にダメージを与える。
3.PVEで火力役を担当し、陰陽の印と合わせて敵に大ダメージを与えることができる。
4.チーム中に左慈を多く入れておくと、お互いの印がスタックし、楽に大ダメージを与えられる。
5.拘束スキルに弱いため、味方からの援助が必要。",アクティブスキルは敵戦姫全体にダメージを与え、印を付与する。印により、左慈のダメージが上昇する。\n星10以降、確率で追加の印を与える。\nチーム内の左慈が多い程、印が多くなるため、大幅にダメージ能力を強化できる。,強化スキル。ダメージ軽減、生存能力、クリティカルを強化する。,強化スキル。通常攻撃時にも印を付与する。\n星10以降、通常攻撃はターゲットの攻撃力を吸収できる。,パッシブスキル。攻撃された場合、確率で敵に陰陽の印を付与すると同時に、会心ダメージも上昇。\nこのスキルで左慈のダメージを大幅に上げることができる。
853002,偃月,1、風見学部に所属するウォーリア型戦姫。1番の位置に配置することが多い。\n2、スキルは敵全体にダメージを与え、敵がウォーリアの場合、ダメージが増加する。最上階の攻略に使える\n3、ダメージを受けると確率で自身を回復させ、攻撃力を強化すると、ダメージを増加できると同時に生存能力も増加できる。,アクティブスキルは前列の戦姫にダメージを与え、ウォーリア戦姫には追加ダメージを与える。\n星6以降、ターゲットは敵全体となる。\n星10以降、自身へのダメージ軽減効果が追加され、生存能力が上昇する。,強化スキル。生存能力とダメージ能力を強化して、ウォーリア戦姫へのダメージを増加する。\n星10以降、ウォーリア戦姫へのダメージが大幅に増加する。,強化スキル。攻撃するたび（通常攻撃を含む）、自身のダメージ能力を強化する。\n戦闘が続くほど、偃月は強くなる。,回復スキル。攻撃を受けた時、一定のHPを回復する。\n回復する量は偃月の攻撃力と関係するため、攻撃力を増加すれば、生存能力も上昇する。
853003,霊帝,1、風見学部に所属するソーサラー型戦姫。\n2、攻撃する時、攻撃を受けた時、倒された時にスキルが発動し、継続ダメージを与えることができる。\n3、毒状態へのダメージが増加する戦姫と組むと、ダメージを倍増できる。,アクティブスキルはランダムで4名の敵にダメージを与え、毒ダメージを与える。\n星6以降、ターゲットは敵全体になる。\n星10以降、スキルが大きく変化して、霊帝のダメージ能力を大幅に増加する。,強化スキル。攻撃するたび（通常攻撃を含む）、高確率でターゲットを毒状態にして、毒ダメージを与える。,強化スキル。倒された後、敵全体に毒状態を付与して、毒ダメージを与える。,カウンタースキル。ダメージを受けると、一定の確率で敵に毒状態を付与する。
853004,献帝,1.風見学部に所属する高い防御力を持つ火力役戦姫。\n2.アクティブスキルは目標のHP上限により追加ダメージを与えられ、自身の攻撃力と突破力を増やすこともできる。通常攻撃には敵の防御力を吸収する効果もあり、PVEにも適している。\n3.一定ターン数経過後、会心率と会心ダメージを増やせるので、持久戦にも向いている。,アクティブスキルは前列にいる敵にダメージを与え、自身の火力を強化できる。\nHPが（献帝自身より）低い敵の場合、追加ダメージを与えられる。\nこのスキルにより、献帝自身のHPを維持するだけで、より高いダメージを敵に与えられる。,コアスキル。通常攻撃で防御力を吸収することにより、敵を弱めると同時に自身を強化できる。\n持久戦に持ちこんだ場合、献帝の防御力は段々強化されていく。,強化スキル。攻撃力と生存能力を増加する。,強化スキル。一定のターン数経過で、会心率と会心ダメージを大幅に上げることができる。\n敵を持久戦に持ち込めれば、自身の火力をより一層強化できる。
853005,織田信長,1.風見学部に所属する高い会心率を持つ火力役の戦姫。\n2.自身の会心ダメージを増やすと同時に、敵に会心率と会心ダメージを下げることもできるため、いろんな場面で役に立つ。火力役が足りない場合は、育成することをお勧め。\n3.拘束効果が苦手のため、拘束耐性を増やせる装備を装備することがお勧め。,アクティブスキルは敵全体にダメージを与えると同時に、会心率を下げられる。\n星10の場合、スキル効果が大幅に強化され、追加ダメージが発生し、さらに敵の会心ダメージも下げられる。,強化スキル。攻撃するたび（通常攻撃を含む）、自身のクリティカルを増加し、敵のクリティカルを低下させる。さらに一定確率で自身のクリティカルダメージを増加させる。\n当スキルにより、戦闘が長引くにつれ、織田信長のダメージ能力が増加することを意味する。,強化スキル。生存力と火力を強化できる。\n会心ダメージの強化は織田信長の火力の源の1つでもある。,カウンタースキル。攻撃を受けた場合、100%の確率でカウンターする。
853006,姜維,1.風見学部屈指のHPを誇るウォーリア戦姫。基本的に最前線に配置される。\n2.自身のHPが高い他、パッシブスキルでHPと防御力を上げることができる。アクティブスキルはHPが最も低い味方戦姫を回復する。\n3.盾役が足りない場合、育成することをお勧め。,アクティブスキルは敵単体の戦姫にダメージを与え、さらに味方のHPを回復することができる。\n姜維自身の攻撃力が低いため、火力面ではいささか力不足。星10の場合、回復効果が強化される。,パッシブスキル。攻撃を受けた場合、攻撃者の会心率を下げることで、間接的に味方の生存力を高められる。,強化スキル。自身の生存力を強化できる。,強化スキル。HPが低い時、自身の防御力を大幅に上げることができる。\nこのスキルで姜維に高い生存能力を与えることができる。
853007,チューリング,1.風見学部に所属するウォーリア戦姫。高い速度と唯一無二の敵全体カウンター能力を持ち、最前線で戦える。\n2.攻撃を受けた場合、敵全体へ強力なカウンターをするのが特徴。さらに、一定のダメージ軽減と拘束耐性も兼ね備えており、持久戦にも適している。\nPVPではカウンタースキルと高い拘束耐性、PVEでは高い攻撃力と生存力のおかげで、オールラウンダー的な存在になる。,アクティブスキルは敵後列にダメージを与えると共に、自身の攻撃力とダメージ軽減を上げることもできる。\n火力より、自身にかけたバフの方が肝心である。,強化スキル。通常攻撃は確率で敵を気絶させる。,強化スキル。生存力と火力を強化できる。気絶状態の敵へのダメージアップは、パッシブスキル「支援要請」といい相乗効果が発揮できる。,コアスキル。敵全体へのカウンター、大量なダメージを敵に与えられる。\n特筆すべきは、チューリングは沈黙されてもカウンター可能であること。
853008,豊臣秀吉,1.風見学部に所属する継続ダメージが特徴の火力役戦姫。\n2.アクティブスキル、通常攻撃、そして攻撃された場合も、確率で敵に継続ダメージを与えられる燃焼状態を付与できる。\n3.比較的高いHPにより、優れた生存力も兼ね備えている。,アクティブスキルは前列の敵にダメージと追加ダメージを与えられる。\n星6の場合はランダム3体までの敵を対象とする。\n星10の場合は燃焼効果が追加される。,強化スキル。火力と生存能力を強化する。,強化スキル。通常攻撃で一定の確率で目標に継続ダメージを与えられる燃焼状態が付与できる。,パッシブスキル。攻撃された場合、確率で敵に燃焼状態を付与する。
853009,伊達政宗,風見学部に所属するウォーリア型の戦姫。主に壁役を担当する。\n2.アクティブスキルは一定の確率で敵を気絶させる。\n3.会心ダメージを受けた時に発動できるカウンターも、敵にダメージを与えられる。,アクティブスキルは後列にいる敵にダメージを与えると同時に、一定の確率で気絶させる。\n星10の場合は、確率で追加ダメージを与えることができる。,強化スキル。生存能力を強化する。,カウンタースキル。クリティカルを受けた時、相手にダメージを与える。発動条件がやや厳しく、収益はやや少ない。,強化スキル。HPが低い時、自身のダメージ軽減効果を強化する。
853010,方天,1.風見学部に所属する高い瞬間火力を持つ火力型戦姫。\n2.さらに星6以上の場合、アクティブスキルは敵の後列を目標とし、通常攻撃ではHPが一番低い敵を目標とするため、後列にいるHPが低い敵を攻撃できる。\n3.アクティブスキルは自身の会心ダメージを強化できるほか、HPの回復と敵攻撃力の吸収効果もあり、生存力と火力を兼ね備えた戦姫である。,アクティブスキルはHPが一番低い敵を攻撃できる。\n星6の場合、目標がランダム2体の敵に変更。\n星10の場合、自身の会心率を大幅に強化できる。,強化スキル。火力と生存力を強化できる。,強化スキル。敵が倒されるたび、自身の攻撃力を強化できる。\nそのため、持久戦に持ちこんだ場合、方天が生存する限り、火力は徐々に強化されていく。,強化スキル。星6で習得。通常攻撃の目標をHPが一番低い敵に変更する。\n星10の場合は与えたダメージの一部をHPに回復できる効果も追加される。
853011,黄月英,"
風見学部に所属する全能とも言えるサポート役の戦姫。
2.PVEの場合は敵に衰弱効果を与え、味方のエネルギーも回復できるため、チームの火力を全体的に強化できる。
3.PVPの場合は、HPが半分の時の全体気絶が効果的。
4.サポート役の戦姫であれば、優先的に育成するのがお勧め。",アクティブスキルはランダム4名の敵にダメージを与えると同時に、衰弱効果も付与し、さらに味方一人のエネルギーを増加できる。\n味方のエネルギーを増加させることにより、チームのアクティブスキルの回転率を高めることもできる。,強化スキル。通常攻撃は後列の敵を目標とし、相手の防御力を低下させる。\n同時にランダムで味方2名のHPを回復する。,強化スキル。生存力と速度を強化する。\n星10以降、速度を60加速するため、黄月英は高確率で先手を打つことができる。,パッシブスキル。HPが半分未満になった場合、確率で敵全体それぞれを気絶させることができる。\n星10の場合は気絶確率が75％に強化される。
854001,黄忠,"
1.雲華学部に所属する拘束効果が特徴の火力役戦姫。
2.通常攻撃は、ランダムで3体の敵にダメージを与える。
3.基本ステータスの速度が高いため、攻撃順が早い。
4.アクティブスキルは一定の確率で敵を沈黙させ、同時に自身のダメージ軽減と拘束耐性も強化できる。",アクティブスキルは敵全体にダメージを与えると共に、確率で沈黙効果を与えられる。\n星10の場合、ダメージ軽減効果と拘束耐性の強化効果も追加されるため、PVPでの生存力もある程度確保できる。,強化スキル。攻撃、会心率、会心ダメージを強化することで、黄忠の火力を全面的にアップできる。,強化スキル。敵が倒れるたび、自身の攻撃力と会心ダメージを強化できる。,強化スキル。通常攻撃では確率で目標に毒効果を付与、低確率で沈黙を付与する追加効果がある。
854002,許褚,1.雲華学部に所属するHPが極めて高いウォーリア型戦姫。壁役に適している。\n2.HPが高いため、多くのダメージに耐えることができ、回復能力がある戦姫と組み合わせることで、味方をよりよく守ることができる。\n3.アクティブスキルを使用後、敵全体に継続ダメージを与える燃焼状態を付与できる。さらに攻撃を受けた時にも攻撃者の突破力を減少する他、燃焼状態も付与できるため、一定のダメージを与えることもできる。,アクティブスキルは敵全体にダメージと追加ダメージ与えることができる。\n星10の場合、自身の攻撃と会心率を上げることができるため、火力も強化されている。,強化スキル。生存能力を強化する。,回復スキル。味方が会心攻撃する時に自身のHPが回復できる。\nこのスキルが存在するため、会心率が高い戦姫と同じチームに入れることで、よりよい相乗効果が期待できる。,パッシブスキル。攻撃を受けた時、敵の突破力を減少すると同時に燃焼状態を付与する。\nこのスキルにより、許褚は壁役の戦姫でありながら、一定程度のダメージも出せる。
854003,劉表,1.雲華学部に所属する集中火力が特徴の火力役戦姫。\n2.パッシブスキルは会心率と会心ダメージを増加させると同時に、HPが一番低い敵に攻撃できるため、後列のHPが少ない敵の対策として使用できる。\n3.アクティブスキルはソーサラーの敵に追加の流血ダメージを与えられる。,アクティブスキルはランダムで後列の敵1名にダメージを与え、ターゲットがソーサラーの場合は追加ダメージも与えられる。\n星6以上の場合、ターゲットが2名に増加する。,強化スキル。クリティカル率とクリティカルダメージを強化して、ダメージ能力を上昇させる。,強化スキル。通常攻撃の目標をHPが一番低い敵に変更し、さらに目標の攻撃力を減少する。\nアクティブスキルと組み合わせることにより、後列のソーサラー敵に特化した存在とも言える。,強化スキル。攻撃する時、一定の確率で敵に毒効果を与えられる。
854004,蔡文姫,1.雲華学部に所属する比較的オールラウンダーなサポート役戦姫。\n2.味方の攻撃力、ダメージ軽減率を上げる他、敵の攻撃力、防御力を減少することもできる。\n3.味方の攻撃力を割合で増やせるため、元の攻撃力が高いほど、効果が顕著でもある。,アクティブスキルは敵全体にダメージを与えると共に、敵の攻撃を減少し、味方の攻撃を増加することができる。\n星10の場合は、低確率で会心ダメージを大幅に増加する会心の印を付与することができる。このスキルはダメージよりも全体攻撃バフの方が肝心である。,強化スキル。生存能力を強化する。,強化スキル。敵の生存力を下げることができる。,強化スキル。HPが少ない時、味方全体の生存力を強化できる。
854005,祝融,1、雲華学部に所属する集中火力が特徴の火力役戦姫。\n2、基礎攻撃力が高く、ゲーム序盤で高いダメージを与えることができる。また、敵が倒された後、HPを回復するため、一定の持続力と拘束力を持つ。,アクティブスキルは敵の後列にダメージを与えると同時に、ウォーリアの敵を一定の確率で気絶させることもできる。\n星10の場合、レンジャーの敵に気絶、ソーサラーの敵に沈黙効果を与えるようになるため、後列にいる火力役はある程度対応できる。,強化スキル。攻撃する時、敵の突破力を減少できる。,強化スキル。攻撃と会心率を上げることで、火力を大幅に強化できる。,回復スキル。敵が倒れるたび、一定のHPを回復できる。
854006,郭氏,1.雲華学部に所属する頼もしい壁役のウォーリア戦姫。\n2.ダメージ軽減率とHPが高いため、生存力が高いのが特徴。\n3.カウンターの他、攻撃者の会心率を減少できるパッシブスキルもあり、アクティブスキルでは敵の防御力を吸収し、さらに自身のHPも回復できるため、どんな状況においても頼もしい壁役である。,アクティブスキルは前列の敵にダメージを与えると同時に、防御力を吸収する。自身の生存力を高めると同時に敵に弱めることもできる。\n星10の場合、回復効果もあり、自身の生存力がさらに強化される。,パッシブスキル。攻撃を受けた場合、攻撃者の会心率を下げることで、間接的に味方の生存力を高められる。,強化スキル。生存力を強化する。,カウンタースキル。攻撃を受けた場合、確率でカウンターを行う。
854007,呂蒙,1.雲華学部に所属する火力役と壁役どちらもこなせる戦姫。\n2.前列に配置する時は壁役、後列に配置する時は火力役として使い分けられる。HPが少ない時、自身の攻撃力と会心率も増やすことができる。,アクティブスキルはランダム2名の敵にダメージを与え、さらに自身のHPを回復する。\n星6の場合、3名に増加する。\n星10の場合、会心率と会心ダメージの強化が追加される。,強化スキル。攻撃するたび（通常攻撃を含む）、自身のクリティカルを強化して、自身のHPを一定回復する。星6以降は速度を加速して、素早く攻撃できるようになる。,強化スキル。後列にいる時は火力を、前列にいる時は生存力を強化できる。\n後列で火力役として使用すると効果的。,強化スキル。HPが少ない時、自身の攻撃力と会心率を増加させる。\nこのスキルがあるため、後列で火力役として使用することをお勧め。
854008,諸葛亮,"
1.雲華学部に所属する火力と回復の両方をこなせるサポート役戦姫。
2.継続的に味方のHPを回復する他、自身の攻撃力、会心率、HPを増加させることもできる。会心率と攻撃力を強化できる装備をすることで、自身の火力もしくは回復能力を大幅に上げることができる。どんな場面でも力を発揮できる戦姫である。
3.「風の挽歌」のレベル3以降、自身HPが50%を下回った時、100％の確率で敵全体に沈黙を与えられる。
4.どんな状況でも柔軟に対応できるオールラウンダーな戦姫のため、育成することをお勧め。",アクティブスキルは4名の敵にダメージを与えると共に、味方全体に継続回復効果を付与する。\n他のプリースト戦姫と比べ、諸葛亮の回復能力は極めて高い。,強化スキル。自身の火力と生存力を大幅に強化できる。,強化スキル。通常攻撃で自身のHPを回復することができ、さらに自身の攻撃力を強化することもできる。\n回復できる数値は攻撃力によって決定するため、攻撃力が高いほど回復の効果も高くなる。,強化スキル。HPが少ない時、確率で敵全体を沈黙させ、自身の会心ダメージを大幅に増加し、自身のHPを最大まで回復する。\n星10の場合、沈黙の確率が100%に強化される。
854009,孫尚香,"
1.雲華学部に所属する火力役の戦姫。
2.通常攻撃は、ランダムで3体の敵にダメージを与える。
3.毒状態による継続ダメージを与えることができ、アクティブスキルを使用した時と会心ダメージを与えた時、確率で目標に毒状態を付与する。
毒状態の敵により高いダメージを与えられるため、霊帝、司馬懿などと組み合わせると、更なる相乗効果が期待できる。",アクティブスキルはランダムで3体の敵にダメージと追加ダメージを与えられる。\n星6の場合、目標は4体に増加する。\n星10の場合、速度減少効果もあり、敵の行動順を遅らせることができる。,強化スキル。自身の火力を大幅に増加できる。,強化スキル。会心攻撃する時、目標に継続ダメージを与える。\n発動条件はやや厳しめ。,強化スキル。毒状態の目標に与えるダメージを増加できる。\nこのスキルを所有するため、孫尚香は他の毒付与可能な戦姫と同じチームに入れることで、相乗効果が期待できる。
854010,呂玲綺,1.雲華学部に所属する、印を重ねることでダメージを強化できるサポート役戦姫。\n2.PVEの場合は現状唯一無二の存在であり、印を重ねることで敵の被ダメージを増加させることから、味方全体の火力を底上げすることができる。\n3.会心攻撃した時にHPを回復できるため、一定程度の生存力もある。,アクティブスキルはランダム2体の敵にダメージを与えると同時に、攻撃を減少し、印を付与することができる。\n印による効果は味方全体に適用されるので、呂玲綺が印を多く重ねるほど、敵へのダメージも強化されていく。,強化スキル。ダメージと生存能力がアップ。,強化スキル。会心攻撃した時、自身のHPを回復できる。回復量が比較的高いため、一定程度に生存力を強化できる。,強化スキル。通常攻撃は複数の敵を攻撃できる他、攻撃目標に印をつけることもできる。\nアクティブスキルと組み合わせることで、印をより効率的に付与できる。
855001,ワラスキ,此處為填充文本,此處為填充文本,此處為填充文本,此處為填充文本,此處為填充文本
855002,司馬昭,1.修羅学部に所属する全体石化能力を持つ火力役戦姫。\n2.星10の場合、スキルは敵全体を攻撃して、確率でエネルギーを減少させることができ、通常攻撃でもやや高い確率で敵を石化できる。パッシブスキルは、自身の速度を加速することで自身の攻撃順位を早められるので、どんな場面でも役割をこなせる戦姫である。\n3.修羅学部の戦姫の育成コストが高いため、所有のリソースと相談して育成を考えよう。,アクティブスキルは敵全体にダメージを与え、さらに確率で石化状態を付与できる。\n同時にエネルギーを吸収できるため、敵のスキル使用を遅らせることができる。,強化スキル。通常攻撃で敵のエネルギーを減少し、さらに確率で敵を石化することができる。これにより敵のアクティブスキル使用を遅らせることができる。,強化スキル。自身の火力と生存力、速度を強化できる。\n星10の場合は速度を60増やせるため、自身の攻撃順を早めることができる。,強化スキル。HPが少ない場合、自身の攻撃は大幅に増加させるが、防御力は減少する。
855003,郭嘉,"
1.修羅学部に所属する極めて強力な単体攻撃能力を誇る火力役戦姫。
2.アクティブスキルは自身の会心率を大幅に増加できる。味方アクティブスキルを使用するたびに自身のエネルギーが増えるため、自身のアクティブスキルの使用頻度も高くできる。
3.アクティブスキルは、敵のHP上限により追加ダメージを与えるため、HPが高い敵により多くのダメージを与えられる。このスキルにより、単体BOSSへの火力役としては効果的。
4.沈黙無効かつエネルギーが回復するときにHPも回復できるので、生存力も高い。
5.修羅学部の戦姫の育成コストは高いため、所有のリソースと相談して育成を考えよう。",アクティブスキルは敵1体にダメージを与えると同時に、HPが自身より高い敵に追加ダメージを与え、さらに自身の会心率も増やせられる。\n敵のHPが高いほど、追加ダメージも高くなる。会心率アップも自身の火力を強化できる。\n星10の場合は目標を2体に変更し、プリーストの敵に追加ダメージを与えられる。,強化スキル。味方がスキルを使用するたび、一定のエネルギーとHPを回復する。\nチームに複数の郭嘉がいる場合、エネルギーとHPが連続で回復される。,強化スキル。生存力と速度、火力を強化でき、さらに沈黙を無効にできる。\n当スキルを所有するため、沈黙効果がメインの戦姫は余裕を持って対抗できる。,強化スキル。通常攻撃で後列の敵をランダム1体を対象とし、さらに目標のエネルギーを減少できる。\n後列にいる火力役のアクティブスキル使用を一定程度抑制することができる。
855004,于吉,"
1.修羅学部に所属する復活スキルを持つウォーリア戦姫。
2.自身の火力が高く、主に行動時間外の継続ダメージがメインであり、更に回復、復活、石化の効果を持ち、壁役としてもかなり優秀である。
3.一回目の死亡は特定の戦姫へのバフ効果や、ダメージ効果のトリガーとなる。例えば、イサウ＆ヤコブと組み合わせれば、敵に大ダメージを与えることができる。曹操と組み合わせれば、曹操の火力をより強化できる。
4.修羅学部の戦姫は育成コストが高いため、所有のリソースと相談して育成を考えよう。",アクティブスキル。後列の敵にダメージを与えると同時に印を付与する。さらに自身のダメージ軽減率も増加できる。印が付与された目標に継続ダメージを与えることができる。\n星10の場合、一定の確率でもう1つの印を付与ことができる。\n本スキルは于吉のメインスキルである。火力があると同時に、ダメージ軽減率を増加することで、自身の生存力も強化される。,強化スキル。攻撃するたびに敵に印を付与し、さらに一定の確率で石化させる。,カウンタースキル。攻撃を受ける時、敵に印を付与し、自身のHPを回復する。,蘇生スキル。星9以降は最大HPの状態で復活する。
855005,ルシファー,"
1、修羅学部に所属する範囲攻撃型レンジャー。
2、味方がスキルを発動するたび、自身のエネルギーを回復し、数ターン持続の追加ダメージを与える。戦闘が長い程、ダメージが大きくなる。
3、速度が速い戦姫と組ませると、ルシファーがスキルを発動するペースが上がる。
4、アクティブスキルはレンジャーの敵に追加ダメージを与えるため、最上階攻略に使える。
5、修羅学部の戦姫を育成するのは費用がかかるので、現在のリソースと相談して育成を進めると良いだろう。",アクティブスキルは敵全体を攻撃し、持続ダメージを与え、さらにレンジャーの敵に追加ダメージを与える。\nこのスキルはレンジャーの敵に対して強い。,強化スキル。生存能力とダメージ能力を大幅にアップ。,強化スキル。攻撃するたび、自身の攻撃力と速度を増加。\nこのスキルにより、ルシファーは戦えば戦うほど強くなる。,強化スキル。味方戦姫がスキルを発動するたび、自身のエネルギーを回復し、パッシブスキル2と合わせて、ルシファーは連続でスキルを発動できる。
855006,イサウ＆ヤコブ,"
1、修羅学部に所属するメインダメージ型戦姫。
2、高い基礎速度、ダメージ軽減を持ち、さらに拘束無効、敵のエネルギーを減少させられるため、とても汎用的。
3、甘夫人、曹休と組むことで、戦姫が倒されると敵に大ダメージを与える自爆チームができる。
4、修羅学部の戦姫を育成するのは費用がかかるので、現在の手持ちと相談して育成を進めると良いだろう。",アクティブスキルはランダムで1体の敵に大ダメージを与え、命中した敵が前列の場合、防御力を減少させて石化させる。命中した敵が後列の場合、攻撃力と速度を減少させる。\nイサウ＆ヤコブは速度が速いため、先手を打つことが多い。,強化スキル。自身のHP、ダメージ軽減、速度、拘束耐性を増加し、生存能力を高める。\n星7以降、拘束耐性は100%になり、拘束効果を無効化する。,強化スキル。通常攻撃はHPが最も少ない敵を狙い、エネルギーを減少させる。\nそのため、攻撃目標はほぼ反撃できなくなる。,コアスキル。敵味方問わず戦姫が倒されると、敵全員に大ダメージを与える。\nこのスキルは自爆チームのコアスキル。スキルの効果を発揮するために、弱い戦姫と組ませることもありだろう。
856001,水鏡,"
1、辰星学部に所属する汎用的なダメージ型戦姫。
2、攻撃されると自身のHPを回復し、防御貫通をアップする。生存能力が高め。
3、攻撃するたびに自身の防御貫通をアップし、戦闘が続く程ダメージは大きくなる。
4、辰星学部の戦姫は育成コストが高いため、所有のリソースと相談して育成を考えよう。",アクティブスキルは敵4体にダメージを与え、味方3体を回復し、防御貫通をアップさせる。\n防御貫通は防御力を無視することができる。,強化スキル。攻撃するたびに、自身のHPを回復し、防御貫通をアップする。生存能力が高め。,強化スキル。ダメージ能力と生存能力をアップ。,強化スキル。攻撃を受けると自身を回復し、防御貫通をアップする。
856002,ガブリエル,"
1.辰星学部に所属する火力役戦姫。敵全体に大ダメージを与えられる。
2.通常攻撃は敵前列の戦姫にダメージを与える。
3.自身の生存力が高く、ランクが上がると盾役としても使える。
4.会心の印の効果で味方の会心攻撃から追加ダメージが発生するようになるため、会心攻撃も含めた全体の与ダメージが上がる。
5.辰星学部の戦姫は育成コストが高いため、所有のリソースと相談して育成を考えよう。",アクティブスキルは敵全員にダメージを与え、会心の印を付与する。会心攻撃が発生する時追加ダメージを与える。\n星10以降はさらに確率でもう一つの印を付与する。,強化スキル。生存能力とダメージ能力を大幅にアップ。\nダメージ軽減と防御貫通を獲得。,強化スキル。攻撃するたび、敵に会心の印を付与し、自身の攻撃力をアップ。\nアクティブスキルと合わせて、大ダメージを与える。,強化スキル。攻撃を受ける時、敵に会心の印を付与し、自身の会心ダメージをアップする。
856003,ミカエル,1、辰星学部に所属する復活能力を所有するダメージ型戦姫。\n2、様々な面において強力な戦姫である。「聖潔の盾」はレベル3以降、全ての拘束効果を無視できる。星10以降、アクティブスキルはダメージや気絶効果を与えるだけでなく、同時に味方の回復も行える。さらに倒れた後に復活することもできる。\n3、辰星学部の戦姫は育成コストが高いため、所有のリソースと相談して育成を考えよう。,アクティブスキルはランダムで3名の敵にダメージを与え、一定確率で気絶させる。同時にHPが最も低い味方戦姫のHPを回復させる。\n星10以降の回復量は大きく、同時に対象の会心率をアップさせる。\nこのスキルはとても強力なサポートスキルで、瀕死の味方戦姫を守ることができる。,強化スキル。ダメージと速度が大幅にアップし、戦闘の流れを掌握する。,蘇生スキル。星8以降は最大HPの状態で復活する。,強化スキル。拘束耐性がアップし、星9以降は耐性が100%になる。どのような状況でも活躍できる。
856004,龐統,"
1、辰星学部に所属する大ダメージを与えられるダメージ型戦姫。
2、最高の基礎速度を有し、敵戦姫を倒すことでエネルギーが回復し、継続して能力を発揮できる。残りHPが少なくなった敵チームを震え上がらせるだろう。
3、気絶無効により、多くの戦闘で大きな力を発揮する。
4、辰星学部の戦姫は育成コストが高いため、所有のリソースと相談して育成を考えよう。","
アクティブスキルはランダムで1名の敵にダメージを与え、目標のHPが自身より多い場合は一定の確率で気絶させ、少ない場合は追加ダメージを与える。
星6以降は目標が2名に増加する。
星10以降は拘束確率が100%になる。
耐性を持つ目標以外は安定して拘束し、大量のダメージを与えることができる。",強化スキル。通常攻撃で敵のHPが最も低い敵を狙うようになり、とどめを刺しやすくなる。,強化スキル。敵戦姫が倒れると、エネルギーを獲得し、防御貫通が大きくアップする。\n戦闘中このスキルとアクティブスキルが組み合わさることで、相手にとどめを刺し続けることができる。,強化スキル。防御貫通、速度、会心率が大きくアップし、気絶無効になる。\nこのスキルにより、気絶スキルが採用されることの多いPVPで活躍することができる。
856005,華佗,"
1、辰星学部に所属するチームの速度や攻撃能力をアップさせるアシスト型戦姫。
2、能力は非常に全面的で、味方のHPを回復するだけでなく、速度や攻撃力をアップさせ、さらに倒れた後でも、味方のHPを継続的に回復する。
3、自身の生存能力が高く、継続的に味方にバフを与えることができる。
4、辰星学部の戦姫を育成するのは費用がかかるので、現在の手持ちと相談して育成を進めると良いだろう。",アクティブスキルはランダムで4名の敵にダメージを与え、同時にランダムで4名の味方戦姫の攻撃、速度、治療効果をアップさせる。\nこのスキルにより、味方が先手を打てるようになるだけでなく、生存能力も高めることができる。,強化スキル。生存能力とダメージ能力をアップさせ、同時に拘束耐性もアップさせる。,回復スキル。通常攻撃は、ランダムで3名の味方のHPを大きく回復させる。\nこのスキルとアクティブスキルが組み合わさることで、華佗は恐ろしいほどの治療能力を発揮する。,強化スキル。自身が倒されると、5ターンの間全ての味方戦姫を大きく回復する。\n戦闘のテンポが速くなるに連れて、華佗が倒れた後の味方チームの生存率に大きく影響する。
854011,赤蓮,"
1、雲華学部に所属する自身のHPに基づいてダメージを与える、ダメージ型戦姫。
2、HPが高く、吸収もあり、相手の攻撃力を下げることができるため、味方の生存率も上昇する。
3、燃焼ダメージが主なダメージ源になる。自身のHPを増加することにより、生存能力とダメージ能力を強化する。
4、HPが最も高い敵に大ダメージを与えられる。
5、拘束されるとHPを継続回復し、更にダメージを与える。様々な場面で活躍できる万能な戦姫。",アクティブスキルはランダムで敵3名にダメージを与え、相手の攻撃力を吸収する。さらに現状HPが最も高い敵に自身のHPに基づく割合で燃焼ダメージを与える。\n当スキルはダメージが高く、さらに敵3名の攻撃力を下げ、自身の攻撃力を上昇させることができる。,強化スキル。HP、攻撃力、クリティカルを増加して、生存能力とダメージ能力を強化する。,強化スキル。通常攻撃はランダムで敵3名にダメージを与え、相手の攻撃力を下げて、さらに自身のHPに基づく割合で燃焼ダメージを与える。\n当スキルは複数の敵に大ダメージを与えるだけでなく、相手の攻撃力を下げることにより、味方の生存率も上昇する。,強化スキル。拘束されるとHPを継続回復する。ランダムで敵3名に自身のHPに基づく割合で燃焼ダメージを与える。
852012,シルバー,1、神威学部に所属するキル能力に優れたダメージ型戦姫。\n2、スキル構成はまさにザ・アサシン。通常攻撃とブロックをすると、「チェイス」効果がスタックし、敵のHPが低い戦姫に大量な直接ダメージと流血ダメージを与える。さらに敵を倒すと、一定のHPを回復するため、持久力も非常に高い。\nシルバーは元々速度が速く、パッシブスキルによりブロックと拘束耐性が増加するため、生存能力は非常に優秀であり、そのため攻撃できる回数も確保できる。,アクティブスキルはHPが最も低い敵に大量な直接ダメージと、2ターンの継続ダメージを与える。\n当スキルがレベル3になると、ダメージが非常に高くなり、流血ダメージと相まって、敵のHPが低い戦姫の脅威となる。,強化スキル。攻撃力、会心率、ブロック、拘束耐性、速度が増加して、シルバーのダメージ能力と生存能力を全面的に上昇させる。\nブロックの上昇により、チェイスのスタックが溜まりやすくなり、大幅にダメージ能力を強化する。,強化スキル。敵の攻撃をブロックするたび、「チェイス」効果を1スタック獲得する。アクティブスキルを使用時、各スタックの「チェイス」は、HPが最も低い敵に大量な直接ダメージと継続ダメージを与える。\n「チェイス」のダメージが非常に高いため、なるべくブロックを強化して、チェイスのスタックを増加させよう。,強化スキル。通常攻撃をした時、チェイス効果を2スタック獲得して、自身が敵を倒すと、HPを回復する。\n「シルバーライト」がレベル3になると、HPを100％回復するため、持久力が大幅に強化される。
853012,魏延（青羽）,1、風見学部に所属する拘束能力が非常に高いダメージ型戦姫。\n2、魏延（青羽）のスキルは「気絶」が重要なキーワードとなる。戦闘中に戦姫が気絶すると、大量なダメージを与えると同時に、自身のHPを回復し、攻撃力を増加する。自身が攻撃を受けた時、失ったHPが上限の50％を超えた場合、相手を気絶させる。\n3、魏延（青羽）に「運命の魂晶」などの、エネルギーが上昇する装備を装着して、スキルの回転を早くしよう。また、陸遜などの先手拘束戦姫と合わせば、かなりのダメージが期待できる。,アクティブスキルはランダムで3体の敵戦姫にダメージを与え、一定確率で相手を気絶させる。\n相手が既に気絶している場合、必ず会心が発動する。このスキルは魏延（青羽）の核心となるダメージスキル。魏延（青羽）のパッシブスキル、またはその他先手拘束戦姫と合わせば、大ダメージが期待できる。,強化スキル。HP、攻撃力、会心ダメージと拘束耐性が増加する。\nアクティブスキルにより、会心ダメージの増加でダメージを大幅にアップできる。拘束耐性の増加により、魏延（青羽）の生存率を上昇させることが可能。,強化スキル。攻撃を受けた時、失ったHPが上限の50％を超えたの場合、相手を気絶させ、自身のHPを回復する。受けたダメージが低かった場合、自身の攻撃力を増加する。\n当スキルにより、魏延（青羽）は相手を気絶させやすくなり、他のスキルと合わせて、ダメージを与えることができる。,強化スキル。戦闘中に戦姫が気絶した場合（敵味方関係なく）、ランダムで2体の敵戦姫にダメージを与え、さらに自身のHPを回復する。\nこのスキルにより、魏延（青羽）を複数、またはその他気絶スキルを持つ戦姫と組み合わせると、多大なダメージを期待でき、同時に一定の持続力を手に入れることができる。
851012,フェンリル,1、隠匿学部に所属する継続ダメージ能力を持つウォーリア型戦姫。ダメージ量が安定していて、戦闘が長引くほど自身に有利になる。\n2、アクティブスキル「デッドカウンター」により、前後列の敵両方に対し、安定したダメージを与えることができる。さらにブロックを3回発動するごとに、自身にかけられた拘束効果の解除とともに、HP回復ができるカウンターも発動する。まさに難攻不落の要塞。\n3、チームの組み合わせについては、持久戦を得意とする回復型や拘束型戦姫、例えば華陀、陸遜などがお勧め。,アクティブスキルはランダムで3体の敵にダメージを与えるとともに、流血効果も付与する。\n当スキルがレベル3になると、ダメージ量が206％にもなり、かなり効果的である。また、流血効果があるため、他の戦姫とも合わせやすい。\n後列の敵を対象とした場合、必ず会心ダメージになるため、後列にいる敵の対策として起用することもいいだろう。,強化スキル。HP、攻撃力、突破力とブロックを強化する。\n突破力が強化されるため、アクティブスキルと組み合わせると、他のウォーリア型戦姫より高いダメージ能力を発揮できる。\nブロック強化とスキル「デッドカウンター」があるため、生存力とダメージ能力を両立することが可能。,強化スキル。戦姫（自身も含め）がアクティブスキルを使用するたびに、自身の攻撃力と会心ダメージが永久強化される。\n戦闘が長引くほど、その効果が顕著になるだろう。,コアスキル。3回ブロックするごとに自身にかけられた拘束効果を解除し、ランダムで3体の敵に、相手HPの上限に依存するカウンターが発動する。さらに与えたダメージにより、自身のHPを回復することもできる。\n本スキルにより、フェンリルは回復能力とともに、HP上限が高い敵に大ダメージを与えることが可能だ。
852013,曹操（神龍）,"
1、神威学部に所属する継続ダメージに特化したダメージ型戦姫。
2.曹操（神龍）のスキルは「燃焼」が核心となる。戦場にいる戦姫が燃焼状態の場合、自身の攻撃力と拘束耐性を強化するだけでなく、敵の場合は燃焼ターン数を増加させ、味方の場合は燃焼ターン数を減少させることができる。
3、曹操（神龍）は燃焼を無効化でき、さらに燃焼状態の敵からの攻撃を軽減できる。
4、張飛、赤蓮などの燃焼効果を持つ戦姫と組み合わせると、燃焼効果を最大限まで発揮でき、さらに「青釭剣影」と「天を背負う者」の効果により、継続的に燃焼ダメージを与えることが可能になる。",アクティブスキルはランダムで4体の敵にダメージを与え、相手の燃焼ターン数を一気に爆発、または燃焼ターン数を増加させる。\n他の燃焼効果を持つ戦姫と組み合わせると、大ダメージを継続的に与えることができる。,強化スキル。HPと攻撃力を強化し、燃焼を無効化する。\n燃焼効果を持つ戦姫に対して、驚異の生存能力を発揮する。,強化スキル。味方戦姫がスキルを放つと同時に、命中した相手に燃焼効果を与える。\nエネルギーの回復が早く、先手攻撃の戦姫と合わせると、速やかに相手に燃焼効果を重複させることができ、大ダメージを期待できる。,強化スキル。戦闘中に戦姫が燃焼状態になると、自身の攻撃力と拘束耐性をアップする。\n味方戦姫が燃焼状態の場合、確率で燃焼ターンを減少させ、敵戦姫が燃焼状態場合、確率で燃焼ターンを増加させる。\n曹操（神龍）は他の燃焼効果を持つ戦姫と出撃すると、燃焼ターンを増加できるだけでなく、自身の能力も強化することができる。例え相手が拘束タイプの戦姫でも、生存率は高い。
855007,呂布,"
1、修羅学部に所属する万能型戦姫。
2、手持ちのスキルは全て攻守兼備で、HPが高い敵に対して猛威を振るう。
3、アクティブスキル「剣影繚乱」は、特殊な拘束効果「威圧」を敵に与える。威圧の効果により、通常攻撃に特殊効果を持つ敵を抑えることができ、さらに敵は通常攻撃でエネルギーを獲得できなくなる。
4、修羅学部の戦姫は育成コストが高いため、所有のリソースと相談して育成を考えよう。",アクティブスキルはランダムで4体の敵戦姫にダメージを与える。HPが高い敵ほど、被ダメージが高くなり、HPが低い敵には2回ダメージを与える。そして自身を回復すると同時に、確率で相手に特殊な拘束効果を与える。また、敵に大ダメージを与える同時に、敵戦姫が味方に与える脅威を低減させることができる。,強化スキル。HPと攻撃力、そして会心率と突破力をアップする。自身のダメージ能力と生存能力が全面的にアップされる。,強化スキル。通常攻撃が敵単体に大ダメージを与えると同時に、自身も回復できる攻守兼備のスキル。\nスキルが最大レベルになると、100％命中する威圧効果が発揮するため、呂布は敵の低HP戦姫にとって悪夢になる。,強化スキル。ダメージをさらに一段階アップすると同時に、気刃防御により生存能力も大幅に強化される。
856006,ルシフェル,"
1、辰星学部に所属するダメージ型戦姫。
2、「ダブルエレメント」のおかげで、基礎速度が非常に速い。大抵の戦姫より早くアクティブスキルを発動でき、制約の印の効果を最大限まで発揮して、敵のHPを素早く削ることができる。
3、アクティブスキルと「メテオスピア」の効果により、HPが非常に高い戦姫に対して、大量のダメージ量を与えることができる。さらに「シャドーブレイク」の効果により、爆発力が高い戦姫に対しても素早く対処できるので、多方面で優秀なダメージ能力を持っている。
4、辰星学部の戦姫は育成コストがかかるため、手持ちの資源を確認して、計画的に育成しよう。",アクティブスキルはランダムで4体の敵に防御力無視のダメージを与え、全敵戦姫に制約の印を与える。\n速度が速いので、敵戦姫のHPを素早く削り、優勢を築きあげられる。序盤に強い構成の敵に対して強力。,強化スキル。HPと防御貫通、ダメージ軽減と速度をアップ。自身のダメージ能力を強化すると同時に、生存能力も強化するため、長時間戦場にいることができる。,強化スキル。通常攻撃は敵のHPが最も高い戦姫を攻撃して、敵戦姫の最大HPに基づく割合ダメージを与え、さらにダメージ量により自身のHPを回復する。\nHPが高い戦姫に対して強く、毎ターン自身のHPを回復できるため、生存能力も確保できる。,強化スキル。敵のダメージ型戦姫に大量ダメージを与える。\n敵の治療効果を低下させるため、敵の生存能力を著しく低下させることができる。敵の最大HPに基づく割合ダメージと合わせて、時間が経過するほど敵が不利になる。\nスキルによる回復効果により、自身の生存能力を高められる。
854012,クリス,"
1、雲華学部に所属する拘束能力に長けているダメージ型戦姫。
2、独特な「結晶化」効果はターン遅れで発動し、相手への拘束時間を長くすることができる。
3、「願望の力」はレベル3以降、発動確率が高くなるため、相手が拘束を無効化できる手段がない場合、ほぼ永遠に相手を拘束し続けることが可能になる。
4、相手が結晶化すると自身のHPを回復し、攻撃力をアップする。それと同時に相手に毒ダメ―ジを継続的に与えられる。遅れて発動する結晶化の効果と相まって、相手の行動を最大限に制限することが可能になる。",アクティブスキルはランダムで3体の敵にダメージを与え、結晶化させる。\n速い速度と合わせて、素早く相手を拘束して、相手の動きを封じることができる。,強化スキル。HP、攻撃力、速度、そして受けた治療効果をアップする。ダメージ能力と生存能力を全面的にアップできる。,強化スキル。通常攻撃は確率で相手に種結晶を与え、1ターン後に結晶化させる。\nスキルがレベル3になると、拘束確率は100％になるため、前列の1番の位置にいる敵を効果的に拘束することができる。,強化スキル。敵が結晶化すると、自身の攻撃力をアップし、HPを回復する。同時にランダムで3体の敵に毒状態を付与する。\n自身の持続力をアップできると同時に、ダメージ能力を強化できる。
853013,王異,"
1、風見学部に所属するダメージ型戦姫。
2、通常攻撃は最もHPが低い敵を狙う。
3、王異の攻撃は後列、またはHPが低い敵を狙うため、まさしくアサシン。
4、スキルは「崩壊」と「流血」を中心に展開する。「崩壊」は敵戦姫が受ける継続ダメージを強化する。王異の攻撃は頻繁に「崩壊」と「流血」を付与するため、他の戦姫に頼らなくても大ダメージを与え続ける事が可能で、さらに味方戦姫のダメージと爆発力を強化できる。",アクティブスキルはランダムで後列の敵2体にダメージを与え、相手を「崩壊」状態にする。さらに15ターンにわたって流血状態にし、自身の他のスキルの発動条件を満たす。\n他の継続ダメージ型の戦姫と組み合わせると、安定して大ダメージを与えることができる。,強化スキル。攻撃力、会心率、拘束耐性とブレイクを強化。同時に流血を無効化するため、ダメージ能力と生存能力を兼ね備えている。,強化スキル。戦闘開始時、味方全戦姫のブレイクと会心率を強化して、敵のHPを素早く削る。\nターン終了時に、HPが最も低い2体の敵を「崩壊」状態にする。流血状態の敵がいる場合、自身のダメージ軽減と会心ダメージを強化する。生存能力とダメージ能力を兼ね備えたスキル。,強化スキル。通常攻撃時、追加で後列の全敵に流血ダメージを与える。敵が「崩壊」状態でなくとも、追加ダメージを与えられる。\n後列の敵に対して非常に強く、また流血は自身の他のスキルを発動させるトリガーとなっているため、自身の生存能力とダメージ能力を強化できる。
852014,坂本龍馬,1.神威学部に所属する火力役の戦姫。攻撃力と生存力の双方に優れる。\n2.アクティブスキルはHPが最も高い敵にダメージを与え、さらに「倍プッシュ」と「ロイヤルフラッシュ」が発動すると敵全体に大ダメージを与える。\n3.坂本龍馬は、頻繁に「無我」と「無中」の効果を自身に付与する。「無我」は自身への拘束を解除し、「無中」は受けるダメージを減らしつつ敵にダメージを返す。まさに攻防一体の戦姫である。,アクティブスキルはHPが最も高い敵に大ダメージを与え、同時に燃焼効果も付与する。\n当該スキルがレベル3になると、ダメージ量が450％になる。燃焼で大ダメージを与えられることからも、他の戦姫と合わせやすい。\n自身に「無我」効果を付与し、拘束を解除できる。,強化スキル。HP、攻撃力、会心率、ブレイクをアップさせる。\n「ロイヤルフラッシュ」の効果で会心の大ダメージを与えると同時に、頻繁に「無我」と「無中」の効果を自身に付与する。,強化スキル。通常攻撃が前列の敵を狙いやすくなる。\n攻撃するたび、自身に「無中」の効果を付与し、生存能力を上げる。,コアスキル。会心攻撃が発生すると敵全体にダメージを与え、同時に自身に「無我」と「無中」の効果を付与する。
851013,ビビアン,1.隠匿学部に所属するサポート役の戦姫。\n2.そのサポート能力は味方を回復し、デバフ効果を解除する。また、敵のバフ効果を解除し、デバフ効果を与えるなど、隙のない構成となっている。\n3.「星月」のおかげで、ビビアンは多様なサポート能力に優れ、安定した運用が可能となっている。戦闘が長引くにつれ、ビビアンの能力による効果は存在感を増す。,アクティブスキルはランダムで2体の敵にダメージを与えるとともに、ターゲットのバフ効果も一定の確率で解除する。\n当該スキルが生み出す月影により、ターンごとにHPが最も低い味方戦姫を回復する。同時に味方戦姫が攻撃を受けた際、一定の確率でデバフ効果を解除する。,強化スキル。HP、拘束耐性、速度、そして受けた治療効果をアップさせることで、生存能力を全面的にアップできる。,強化スキル。ターン終了時、確率で敵戦姫のエネルギーと速度を2ターン減少させる。,コアスキル。戦闘開始時、ビビアンはランダムで1体の敵に星月を付与する。（付与された敵が倒れると、次のターン開始時に他の敵に星月が移る）\n自身がダメージを受けるたび、星月を付与された敵の戦姫も一定の割合ダメージを受ける。また、自身がデバフ効果を受けるたび、星月を付与された敵の戦姫も一定の確率で同様のデバフ効果を受ける。
854013,劉備,1.雲華学部に所属するサポート役の戦姫。\n2.劉備のスキルは残香を中心に展開される。味方の攻撃で敵の戦姫が倒れると残香を獲得でき、自身のステータスをアップさせる。アクティブスキルの発動時、すべての残香を消費して大ダメージを与える。　\n3.「桃園の誓い」のおかげで、劉備は戦力の均衡が取れたチーム内で更なる存在感を発揮できる。,アクティブスキルはランダムで3体の敵にダメージを与え、すべての残香を消費する。残香ひとつにつき、ランダムで1体の敵にダメージを与える。\n残香が残っている時は、ダメージ軽減の効果が発動する。,強化スキル。HP、攻撃力、会心ダメージ、そして拘束耐性をアップさせることで、ダメージ能力と生存能力を全面的にアップできる。,コアスキル。味方の戦姫が通常攻撃やスキルを発動するたび、追撃を行い、残り香を獲得する。\nターゲット数の制限はなく、より多くの敵にダメージを与える戦姫がいると、大ダメージを与えられる。,強化スキル。戦姫が倒れると（敵味方の関係なし）、自身のHPが回復し、残香効果を獲得する。
856007,ウリエル,"
1、辰星学部に所属する拘束型ウォーリア戦姫。
2、アクティブスキルは永久に自身の防御貫通を上昇させる。ウリエルの高HPとダメージ軽減に回復型戦姫が合わされば、抜群の継戦能力を見せるだろう。
3、ウリエルの攻撃とアクティブスキルは、敵にベレヌスの痕を与える。2スタックたまるとベレヌスの光が発動し、敵はパッシブスキルが封印され、発動不可になる。
ただし、ステータスバフ関連、通常攻撃変換によるもの、倒れた時に発動するものは封印できない。
ビビアンの星月については、星月を受けた敵が倒れた後で、自動的に他の敵に星月を付与する効果のみ封印される。星月のその他の効果は封印できない。",アクティブスキルはランダムで1体の敵を複数回攻撃し、ベレヌスの痕を1スタック付与する。同時に自身の防御貫通を永久に強化する。\n星10以降、アクティブスキルを使用すると、確率でベレヌスの痕を付与された相手に、さらに追加でベレヌスの痕を付与する。,強化スキル。HP、防御貫通、拘束耐性、ダメージ軽減を強化し、ダメージ能力と生存能力を全面的に強化する。,強化スキル。通常攻撃時、確率でべレヌスの痕を付与された相手に、さらに追加でべレヌスの痕を付与する。,強化スキル。アクティブスキルまたは通常攻撃使用後、確率で敵全体に防御力を無視したダメージを与え、さらに確率でベレヌスの痕を付与する。
855008,イザナミ,"
1、修羅学部に所属する補助型戦姫。
2、アクティブスキルは味方に彼岸花の守りを与え、受ける通常攻撃やアクティブスキルのダメージを無効化し、回復させることができる。
パッシブスキルは敵の回復を妨害しつつ、ダメージを与えることができる。
彼岸花の守りと回復妨害は同時に発動できない。",アクティブスキルは前列の敵にダメージを与え、確率で敵を石化させる。\n味方全員に彼岸花の守りを1スタック与える。次に受けた通常攻撃、またはアクティブスキルのダメージを無効化し、HPを回復する。\n単純な無効化と回復より強力だが、発動条件が存在する。,強化スキル。イザナミのHP、攻撃力、ダメージ軽減が強化され、さらに受ける拘束効果のターン数が1ターン減る。,強化スキル。味方戦姫がスキルを使用すると、3回追撃を行う。一定のダメージ力を確保できる。,強化スキル。通常攻撃はランダムで2体の敵を攻撃する。\n通常攻撃は敵に回復妨害を1スタック与え、相手が次に受ける治療効果を無効化し、回復量の一定割合のダメージを与えることで、敵の生存能力を大きく制限する。
854014,ヴェラ,"
1、雲華学部に所属する回復とデバフ効果に長けたサポート型戦姫。
2、ヴェラのサポート能力は万能で、多くの状況やチームに適応できる。たとえ高戦力でなくとも、優秀な効果を発揮してくれる。
「微睡み状態」にされた敵は受けるダメージがアップし、与えるダメージがダウンする。
「子守唄」は回復とダメージ能力を兼備していて、その数値は付与された戦姫の攻撃力に依存する。
3、「ハイド＆シーク」は高速度の敵と速度のステータスを交換し、先手を打つことが可能になる。",アクティブスキルはランダムで1体の敵にダメージを与え、微睡み状態にさせる。\nさらにランダムで味方戦姫3体に子守唄効果与える。子守唄効果がある戦姫はアクティブスキル、または通常攻撃で攻撃された時、攻撃してきた敵に敵の防御力を無視するダメージを与え、自身の攻撃力によりHPを回復する。,強化スキル。HP、攻撃力、そして受ける治療効果をアップさせることで、生存能力を全面的にアップできる。,強化スキル。通常攻撃はランダムで1体の敵を攻撃し、微睡み状態にさせる。\n微睡み状態ではない敵を優先的にターゲットするため、多くの敵に与えられる。,強化スキル。ターン終了時、ランダムで自身より速度が速い敵と、速度のステータスを交換する。\n相手を弱体化しつつ、自身の能力を強化できる。
855009,アパテー,"
1、修羅学部に所属する大ダメージを与えられるダメージ型戦姫。
2、アクティブスキルはエネルギーが最も高い敵を攻撃する。
3、通常攻撃は追加の音波ダメージを与え、さらに敵のエネルギーをリセットできる。
4、自身が倒されると「災厄」状態になり、大ダメージを与えることができる。",アクティブスキルはランダムで4体の敵にダメージを与え、さらに追加で音波ダメージを与える。\nまた、一定の確率で敵に音符の印を付与する。,強化スキル。攻撃力、拘束耐性、速度が増加して、一定確率で「幽闇」状態になり、敵のアクティブスキルと通常攻撃を回避して、アパテーの生存能力を増加できる。,強化スキル。通常攻撃はランダムで1名の敵にダメージを与える。さらに相手のエネルギーを増加させ、エネルギーの爆発ダメージを与えつつ、敵のエネルギーをリセットさせる。,強化スキル。自身が倒されると「災厄」状態になり、ターン終了するたび、敵にダメージを与える。\nアパテーはセイレーンの声を4スタック貯めると、次のターン開始時にエネルギー100％の状態で復活する。
853014,アウラ,"
1.風見学部に所属するサポート型戦姫。
2.アクティブスキルは敵に速度差値の追加ダメージを与え、「酸欠の印」を付与する。
3.通常攻撃は速度の速い敵を狙う。
4.チーム全員の速度を加速し、低HPになると一定ダメージを減少する風の盾を展開できる。",ランダムで3体の敵にダメージを与え、さらに速度差値の追加ダメージを与える。\n敵に「酸欠」の印を付与する。,強化スキル。通常攻撃は速度が一番速い敵にダメージを与える。\n敵に「酸欠」の印を付与する。,強化スキル。攻撃力、HP、ブレイクがアップする。,強化スキル。全味方の速度をアップする。\n自分のHPが50%未満になると、ダメージを吸収し、敵に「酸欠」の印を付与する。
852015,雲母,"
1、神威学部に所属する、前列1番の位置に配置するウォーリア型戦姫。
2、特殊効果「敵視」で敵のダメージを吸収する。
3、自身の耐久とダメージ軽減が高め。
4、戦闘開始3ターン後、雲母のスキルと通常攻撃は必ず会心攻撃が発生し、ブロック不可となる。
5、雲母の「敵視」効果は拘束スキルの一種のため、拘束耐性100%のミカエルやイサウ＆ヤコブには効果なし。さらにスキルや潜在能力によって浄化可能。",アクティブスキルは敵後列を攻撃し、「敵視」状態をかける。\n自身のダメージカットをアップする。,強化スキル。自身の攻撃力、HP、防御力、拘束耐性をアップする。\n戦闘開始時に自身のエネルギーをアップする。,強化スキル。通常攻撃時、自身のHPを回復する。\n攻撃を受けた時、確率で相手の攻撃力を吸収して、相手に「敵視」効果を付与する。,強化スキル。毎ターン終了時に自身のHPを回復する。\n戦闘開始3ターン後、「心眼」状態に入る。
851014,ヘルシング,"
1、隠匿学部に所属する単体火力に特化した戦姫。
2、攻撃力の最も高い敵を数回攻撃し、「鮮血の印」を付与することでダメージを大幅にアップする。
3、自身に掛かったマイナス効果を解除し、「血餓」効果で自己回復ができるため、生存能力が高め。
4、狂宴状態のヘルシングは恐ろしいダメージ能力を持つ。",アクティブスキルは単体のターゲットを数回攻撃し、「鮮血の印」を付与する。\n「血餓」を解除して、敵にダメージを与えると同時に自身のHPを回復する。\n確率で敵にHP上限に対する割合ダメージを与え、自身のHPを回復する。,強化スキル。自身の攻撃力、HP、突破力、会心率をアップする。,強化スキル。戦闘開始時、攻撃力が最も高い敵をロックオンする。\n通常攻撃はロックオンした敵を2回攻撃し、「鮮血の印」を付与する。,強化スキル、ターンごとに血餓を1スタック獲得し、確率で自身のマイナス効果を血餓に変換する。\nHPが50％未満、もしくは敵を倒した場合1回のみ、狂宴状態になる。
853015,ぺペロン,1.風見学部に所属する火力役の戦姫。\n2.マイナス効果を与える戦姫と組み合わせることで、与ダメージが大幅にアップし、かつ一定の確率でマイナス効果の継続ターン数が増加する。\n3.継続ダメージやデバフ効果をコピーして敵に与える能力を持つ。,アクティブスキルは4体の敵戦姫にダメージを与える。\n敵戦姫がマイナス効果を受けていた場合、追加ダメージがアップする。\n一定の確率で敵戦姫が受けている継続ダメージ、デバフ効果、拘束効果の継続ターン数を2ターン増やす。,強化スキル。攻撃力、HP、会心率、拘束耐性、速度がアップする。,強化スキル。通常攻撃が3体の敵戦姫にダメージを与えるようになる。\n敵戦姫がマイナス効果を受けていた場合、追加ダメージがアップする。,強化スキル。ランダムで1体の敵戦姫が受けている継続ダメージ、もしくはデバフ効果をコピーして、他の2体の敵戦姫に付与する。
851015,アンユエ,"
1.隠匿学部に所属するダメージ型戦姫。
2.通常攻撃とアクティブスキルはHPが最も低い敵に直接ダメージを与える。
3.自身が通常攻撃かアクティブスキルをした時、月の粉塵が付与されている敵にもう一度同じ攻撃をして、相手に毒状態を与える。
4.会心時、追加で流血効果を付与する。
5.敵を倒すと、自身の突破力がアップし、ランダムに敵1名に月の粉塵を撒く。",アクティブスキルはHPが最も低い敵に直接ダメージを与え、敵の最大HPに基づいた追加ダメージを与え、月の粉塵を撒く。,強化スキル。攻撃力、会心率、会心ダメージ、拘束耐性、速度がアップする。,強化スキル。自身が通常攻撃またはアクティブスキルを発動した時、敵に毒状態を付与する。\n会心攻撃をした場合、追加で流血効果を与える。\n敵を倒すと、自身の突破力がアップし、ランダムに敵1名に月の粉塵を撒く。,強化スキル。通常攻撃はHPが最も低い敵に直接ダメージを与え、月の粉塵を撒く。
854015,ミスルト,1.雲華学部に所属するサポート型の戦姫。\n2.自身の様々なスキルによって解除不可能なヤドリギを敵に付与し、攻撃力と受ける治療効果を減少させる。\n3.戦闘開始時、自身に「自然の摂理」を付与し、敵の攻撃やスキルを自身に集中させることによって、味方戦姫を守る。ただし、「敵視」を付与されている敵は、ミスルトではなく、敵視の付与者を優先的に狙う。,アクティブスキルはランダムで4体の敵にダメージを与え、さらに流血ダメージを与える。必ず敵にヤドリギを付与する。,強化スキル。攻撃力、HP、ブレイク、ダメージ軽減をアップし、さらに一定の確率で自身に付与されている拘束効果を無効化する。,強化スキル。通常攻撃はランダムで2体の敵にダメージを与え、必ずヤドリギを付与する。攻撃やデバフ効果を受けた時、必ず敵にヤドリギを付与する。毎ターン終了時、ヤドリギが付与されており、HPが最も低い敵に追加ダメージを与える。,強化スキル。自然の摂理が付与されている時、ランダムの敵による攻撃ダメージやスキルの対象を自身に変更する。ヤドリギが付与されている敵からダメージを受けた時、自身のHPを回復する。
852016,テレサ,"
1.神威学部に所属する万能型戦姫。
2.敵に「剣の檻」を付与することで、行動を制限する。
3.自身にスタックした「聖印」により、標記効果を無効にしたり、拘束効果を敵に移し替える。
4.自身のHPが30%以上の状態から30%未満になるたびに、「聖印」のスタックを消費することで敵戦姫とHPの入れ替えが可能なため、強い持久力を持つ（敵チームにテレサより高いHPを持つ戦姫がいない場合、このスキルは発動しない）。
5.「聖印」のスタック数が各種スキルの発動に必要な数より低い場合、スキルは発動できない。
注意点としては、剣の檻はステータスバフ関連、倒れた時に発動するタイプのパッシブスキルは制限できない。ビビアンの星月については、星月を受けた敵が倒れた後で、自動的に他の敵に星月を付与する効果のみ制限される。星月のその他の効果は制限できない。",アクティブスキルは敵2体を攻撃し、さらに一定の確率で「剣の檻」を付与する。\n「聖印」のスタック数を獲得する。,強化スキル。攻撃力、HP、ダメージ軽減率、速度をアップ。,強化スキル。戦闘開始時、「聖印」を3スタック獲得する。\n2ターン目以降、毎ターン終了時に一定の確率で「聖印」のスタック数を獲得する。\n通常攻撃はランダムで1体の敵を攻撃し、一定の確率で「剣の檻」を付与する。,強化スキル。自身に付与した「聖印」のスタック数を消費して、標記効果を無効にする。\n自身に付与した「聖印」のスタック数を消費して、拘束効果を敵に移し替える。\n自身のHPが30%以上の状態から30％未満になるたびに、「聖印」のスタック数を消費して敵とHPを入れ替える。
855010,フェイズナ,1.修羅学部に所属するダメージ型戦姫。\n2.アクティブスキルと通常攻撃はHPが最も低い敵戦姫をターゲットとし、さらに闇星の印を付与する。すでに闇星の印が付与されていた場合、敵戦姫の最大HP分のダメージを与える。\n3.パッシブスキル「勝ったと思うなよ！」は、戦闘開始時およびターン終了時にHPが最も低い敵戦姫の防御力、ダメージ軽減、ダメージカット、ブロック、回避を減少させ、味方戦姫のダメージを通しやすくする。,パッシブスキルはランダムで敵戦姫2体にダメージを与え、追加で敵戦姫の最大HP分のダメージを与える。さらに闇星の印を付与する。,強化スキル。攻撃力、会心ダメージ、スキルダメージ、拘束耐性、速度がアップする。,強化スキル。通常攻撃はHPが最も低い敵戦姫にダメージを与え、さらに闇星の印を付与する。,コアスキル。戦闘開始時およびターン終了時にHPが最も低い敵戦姫の防御力、ダメージ軽減、ダメージカット、ブロック、回避を最大100%減少させる（スキルがレベル3到達時の数値）。\nアクティブスキルを発動、もしくは通常攻撃を行うと、自身に鮮血の輪を1ターン付与し、一定の確率で敵戦姫のアクティブスキルおよび通常攻撃を回避する。
856008,后羿,"
1.辰星学部に所属するダメージ型戦姫。
2.アクティブスキルは全敵戦姫をターゲットに高いダメージを与え、防御貫通とスキルダメージの効果を最大限引き出す。
3.自身に何度も日滅の一矢を付与することで、毎回の攻撃時にHPが最も低い敵戦姫を追撃し、とどめを刺す。
4.盲目はHPが最も低い敵戦姫のスキルを敵戦姫1体に集中させ、チームの生存能力を強化する。",アクティブスキルは自身の会心率とダメージ軽減をアップし、発動中あらゆる拘束効果を無効にするが、エネルギーが獲得できなくなる。次のターン、全敵戦姫に大ダメージを与え、自身に日滅の一矢を付与する。,強化スキル。攻撃力、防御貫通、会心ダメージ、拘束耐性、速度がアップする。,強化スキル。通常攻撃時、自身に日滅の一矢を付与する。\nエリートスキルにレベルアップすると、通常攻撃時に一定の確率で自身に付与されている標記効果を1つ取り除く。,強化スキル。戦闘開始時およびターン終了時、HPが最も低い敵戦姫に盲目を付与し、その戦姫が発動する全てのスキルをランダムで敵戦姫1体に集中させる。\nスキルがレベル3に到達すると、ターン終了時に自身のHPを回復し、自身に日滅の一矢を付与する。
854016,ケーチェ,"
1.雲華学部に所属するサポート型の戦姫。
2.アクティブスキルと通常攻撃は、HPが低い敵に対して必ず会心攻撃となる。また、敵に大量の追加ダメージを与えるとともに、自身のHPを回復できる。
3.アクティブスキルで付与する「キャッツアイ」の効果により、味方も敵への追加ダメージやHP回復の効果を獲得できる。
4.戦闘開始時とターン終了時に、味方全員に様々なステータスバフを付与できる。ケーチェ自身とアサシンの味方は、当該バフ効果が倍増する。さらに複数のケーチェがいる場合、当該バフ効果は重ね掛けされる。",アクティブスキルはHPが最も低い敵を2回攻撃する。敵のHPが50%未満の場合、この攻撃は必ず会心攻撃となる。\n敵が失ったHPの量に応じて、追加で大ダメージを与える。さらに2回の攻撃ダメージと1回の追加ダメージの合計値を基に、自身のHPを回復する。\n同時に2名の味方に「キャッツアイ」を付与するため、味方も敵への追加ダメージやHP回復の効果を獲得できる。,強化スキル。攻撃力、HP、会心ダメージ、ダメージ軽減、速度がアップする。,強化スキル。通常攻撃がHPの最も低い敵に1回ダメージを与えるようになる。また、アクティブスキルと同様に、敵のHPが50%未満の場合は必ず会心攻撃となる。さらに敵に追加ダメージを与え、自身のHPを回復する。,強化スキル。戦闘開始時に味方全員の速度と会心ダメージをアップし、ターン終了時に味方全員の攻撃力と会心率をアップさせる。自身とアサシンの味方は、当該バフ効果が倍増する。
852017,モニカ,1.神威学部に所属するアシスト型戦姫。\n2.味方戦姫の生存能力と攻撃能力を大幅に強化できる（注意：自身の近くにおり、戦闘時の位置が自分より後ろの戦姫を優先的にアシストする）。\n3.味方戦姫が致命的なダメージを受けた時、そのターンに受けたダメージを全て無効にする（注意：この効果は毎回の戦闘で各味方戦姫に対し1回のみ発動可能）。,アクティブスキルはHPが最も低い敵戦姫2体にダメージを与え、近くにいる味方戦姫1体の攻撃力と拘束強化率をアップする。また、自身がHPを回復するたびに、この効果を付与されている戦姫も同時に回復する。\n敵戦姫が受ける治療効果を減少させ、回復能力を下げることができる。,強化スキル。HP、拘束耐性、受ける治療効果と速度をアップ。,強化スキル。自身が行動する、もしくは攻撃受けるたびに、HPを最大値分回復し、生存能力を大幅に強化する。\nさらに、パッシブスキルを発動できる特殊なバフ効果を獲得する。,強化スキル。味方戦姫が致命的なダメージを受けた時、そのターンに受けたダメージを全て無効にする。\nこの効果は毎回の戦闘で各味方戦姫に対し1回のみ発動可能。
851016,ディアンヌ,"
1.隠匿学部に所属するダメージ型戦姫。
2.敵に通常攻撃やアクティブスキルを発動する時、ターゲットの攻撃力に基づく割合ダメージを追加で与える。
3.アクティブスキルは敵の攻撃力を吸収し、一定の確率でエネルギーが90以上の敵を沈黙させ、またエネルギーが90未満の敵を威圧する。
4.切替後の通常攻撃を受ける敵戦姫の攻撃力が自身より高い場合、ターン終了時にお互いの攻撃力を入れ替える（入れ替え可能な数値は自身の現在の攻撃力300%まで）。
5.ディアンヌが倒れた時、ディアンヌを倒した敵に壊滅的なデバフ効果を付与し、逆転のチャンスを作る。",アクティブスキルはランダムで4体の敵にダメージを与え、攻撃力を吸収し、一定の確率で敵を沈黙させるか威圧する。,強化スキル。HP、会心率、拘束耐性、速度がアップする。,強化スキル。通常攻撃は最も攻撃力が高い敵戦姫1体を攻撃し、さらに攻撃力を減少させる。\nもしターゲットの攻撃力が自身より高い場合、ターン終了時にお互いの攻撃力を入れ替える。,強化スキル。ディアンヌが倒れた時、ディアンヌを倒した敵にデバフ効果を付与する。ターン終了時、デバフ効果を付与された敵戦姫は自身の最大HP分のダメージを受け、さらにこの戦姫が倒れた時、全敵戦姫が自身の最大HPに基づくダメージを受ける。
