id,name,suit_name,skin_text
1011,ナイトの銀剣,,
2011,ナイトの鎧,,
3011,ナイトの銀盾,,
4011,ナイトのボトムス,,
1012,高級ナイトの銀剣,,
2012,高級ナイトの鎧,,
3012,高級ナイトの銀盾,,
4012,高級ナイトのボトムス,,
1021,バレーボール,,
2021,半袖体操服,,
3021,スポーツ用髪飾り,,
4021,バレーボールパンツ,,
1022,高級バレーボール,,
2022,高級半袖体操服,,
3022,高級スポーツ用髪飾り,,
4022,高級バレーボールパンツ,,
1031,水鉄砲,,
2031,ビーチビキニ,,
3031,ビーチハット,,
4031,ビーチパンツ,,
1032,中級水鉄砲,,
2032,中級ビーチビキニ,,
3032,中級ビーチハット,,
4032,中級ビーチパンツ,,
1033,高級水鉄砲,,
2033,高級ビーチビキニ,,
3033,高級ビーチハット,,
4033,高級ビーチパンツ,,
1041,教科書,,
2041,学生服,,
3041,学園リボン,,
4041,学園ロングスカート,,
1042,高級教科書,,
2042,高級学生服,,
3042,高級学園リボン,,
4042,高級学園ロングスカート,,
1043,バニーキャロット,バニーガールの服装セット,
2043,バニースーツ,バニーガールの服装セット,
3043,バニーヘアバンド,バニーガールの服装セット,
4043,バニーシューズ,バニーガールの服装セット,
1044,高級バニーキャロット,高級バニーガールセット,
2044,高級バニースーツ,高級バニーガールセット,
3044,高級バニーヘアバンド,高級バニーガールセット,
4044,高級バニーシューズ,高級バニーガールセット,
1051,歌姫のエレキギター,歌姫セット,
2051,歌姫のステージ衣装,歌姫セット,
3051,歌姫のホワイトヘッドホン,歌姫セット,
4051,歌姫のパンクシューズ,歌姫セット,
1052,メイドのケーキ,メイドセット,
2052,メイドのエプロン,メイドセット,
3052,メイドの髪飾り,メイドセット,
4052,メイドの革靴,メイドセット,
1053,探検カバン,探検セット,
2053,探検服,探検セット,
3053,探検メガネ,探検セット,
4053,探検ズボン,探検セット,
1054,魔女のほうき,魔女セット,
2054,魔女の服,魔女セット,
3054,魔女の帽子,魔女セット,
4054,魔女の長靴,魔女セット,
1061,和風羽扇,和服セット,
2061,和服,和服セット,
3061,和風花結び,和服セット,
4061,和風下駄,和服セット,
1062,古典唐笠,古典セット,
2062,古典漢服,古典セット,
3062,古典簪,古典セット,
4062,古典刺繍靴,古典セット,
1063,プリンセスドール,プリンセスセット,
2063,プリンセスドレス,プリンセスセット,
3063,プリンセスクラウン,プリンセスセット,
4063,プリンセスシューズ,プリンセスセット,
1064,サイバーソード,サイバーセット,
2064,サイバースーツ,サイバーセット,
3064,サイバーグラス,サイバーセット,
4064,サイバーシューズ,サイバーセット,
1065,デーモンサイス,デーモンセット,
2065,デーモンドレス,デーモンセット,
3065,デーモンカチューシャ,デーモンセット,
4065,デーモンブーツ,デーモンセット,
1066,エンジェルロッド,エンジェルセット,
2066,エンジェルドレス,エンジェルセット,
3066,エンジェルフラワー,エンジェルセット,
4066,エンジェルウィング,エンジェルセット,
1999,特殊装備1,特殊装備セット,
2999,特殊装備2,特殊装備セット,
3999,特殊装備3,特殊装備セット,
4999,特殊装備4,特殊装備セット,
5101,氷藍水晶,,
5102,氷藍水晶,,
5103,氷藍水晶,,
5104,氷藍水晶,,
5105,氷藍水晶,,
5106,氷藍水晶,,
5107,氷藍水晶,,
5108,氷藍水晶,,
5109,氷藍水晶,,
5110,氷藍水晶,,
5111,氷藍水晶,,
5112,氷藍水晶,,
5113,氷藍水晶,,
5114,氷藍水晶,,
5115,氷藍水晶,,
5116,氷藍水晶,,
5201,黄水晶,,
5202,黄水晶,,
5203,黄水晶,,
5204,黄水晶,,
5205,黄水晶,,
5206,黄水晶,,
5207,黄水晶,,
5208,黄水晶,,
5209,黄水晶,,
5210,黄水晶,,
5211,黄水晶,,
5212,黄水晶,,
5213,黄水晶,,
5214,黄水晶,,
5215,黄水晶,,
5216,黄水晶,,
5301,符文水晶,,
5302,符文水晶,,
5303,符文水晶,,
5304,符文水晶,,
5305,符文水晶,,
5306,符文水晶,,
5307,符文水晶,,
5308,符文水晶,,
5309,符文水晶,,
5310,符文水晶,,
5311,符文水晶,,
5312,符文水晶,,
5313,符文水晶,,
5314,符文水晶,,
5315,符文水晶,,
5316,符文水晶,,
5317,符文水晶,,
5318,符文水晶,,
5319,符文水晶,,
5320,符文水晶,,
5321,符文水晶,,
5322,符文水晶,,
5323,符文水晶,,
5324,符文水晶,,
5401,蓬莱水晶,,
5402,蓬莱水晶,,
5403,蓬莱水晶,,
5404,蓬莱水晶,,
5405,蓬莱水晶,,
5406,蓬莱水晶,,
5407,蓬莱水晶,,
5408,蓬莱水晶,,
5409,蓬莱水晶,,
5410,蓬莱水晶,,
5411,蓬莱水晶,,
5412,蓬莱水晶,,
5413,蓬莱水晶,,
5414,蓬莱水晶,,
5415,蓬莱水晶,,
5416,蓬莱水晶,,
5417,蓬莱水晶,,
5418,蓬莱水晶,,
5419,蓬莱水晶,,
5420,蓬莱水晶,,
5421,蓬莱水晶,,
5422,蓬莱水晶,,
5423,蓬莱水晶,,
5424,蓬莱水晶,,
5501,紅瑪瑙水晶,,
5502,紅瑪瑙水晶,,
5503,紅瑪瑙水晶,,
5504,紅瑪瑙水晶,,
5505,紅瑪瑙水晶,,
5506,紅瑪瑙水晶,,
5507,紅瑪瑙水晶,,
5508,紅瑪瑙水晶,,
5509,紅瑪瑙水晶,,
5510,紅瑪瑙水晶,,
5511,紅瑪瑙水晶,,
5512,紅瑪瑙水晶,,
5513,紅瑪瑙水晶,,
5514,紅瑪瑙水晶,,
5515,紅瑪瑙水晶,,
5516,紅瑪瑙水晶,,
5517,紅瑪瑙水晶,,
5518,紅瑪瑙水晶,,
5519,紅瑪瑙水晶,,
5520,紅瑪瑙水晶,,
5521,紅瑪瑙水晶,,
5522,紅瑪瑙水晶,,
5523,紅瑪瑙水晶,,
5524,紅瑪瑙水晶,,
5525,紅瑪瑙水晶,,
5526,紅瑪瑙水晶,,
5527,紅瑪瑙水晶,,
5528,紅瑪瑙水晶,,
5529,紅瑪瑙水晶,,
5530,紅瑪瑙水晶,,
5531,紅瑪瑙水晶,,
5532,紅瑪瑙水晶,,
5533,紅瑪瑙水晶,,
5534,紅瑪瑙水晶,,
5535,紅瑪瑙水晶,,
5536,紅瑪瑙水晶,,
5537,紅瑪瑙水晶,,
5538,紅瑪瑙水晶,,
5539,紅瑪瑙水晶,,
5540,紅瑪瑙水晶,,
5541,紅瑪瑙水晶,,
5542,紅瑪瑙水晶,,
5543,紅瑪瑙水晶,,
5544,紅瑪瑙水晶,,
5545,紅瑪瑙水晶,,
5546,紅瑪瑙水晶,,
5601,竜玉,,
5602,竜玉,,
5603,竜玉,,
5604,竜玉,,
5605,竜玉,,
5606,竜玉,,
5607,竜玉,,
5608,竜玉,,
5609,竜玉,,
5610,竜玉,,
5611,竜玉,,
5612,竜玉,,
5613,竜玉,,
5614,竜玉,,
5615,竜玉,,
5616,竜玉,,
5617,竜玉,,
5618,竜玉,,
5619,竜玉,,
5620,竜玉,,
5621,竜玉,,
5622,竜玉,,
5623,竜玉,,
5624,竜玉,,
5625,竜玉,,
5626,竜玉,,
5627,竜玉,,
5628,竜玉,,
5629,竜玉,,
5630,竜玉,,
5631,竜玉,,
5632,竜玉,,
5633,竜玉,,
5634,竜玉,,
5635,竜玉,,
5636,竜玉,,
5637,竜玉,,
5638,竜玉,,
5639,竜玉,,
5640,竜玉,,
6000,エッセンス,,
6001,カラーチョーク,,
6002,床几,,
6003,邪悪な三日月刀,,
6004,警報灯,,
6005,魔法入門指南書,,
6006,カラーチョーク,,
6007,床几,,
6008,邪悪な三日月刀,,
6009,警報灯,,
6010,魔法入門指南書,,
6011,カラーチョーク,,
6012,床几,,
6013,邪悪な三日月刀,,
6014,警報灯,,
6015,魔法入門指南書,,
6016,カラーチョーク,,
6017,床几,,
6018,邪悪な三日月刀,,
6019,警報灯,,
6020,魔法入門指南書,,
6021,ゴールドルービックキューブ,,
6022,シルバークラウン,,
6023,巫女の呪い,,
6024,万能バッグ,,
6025,魔法昇格指南,,
6026,ゴールドルービックキューブ,,
6027,シルバークラウン,,
6028,巫女の呪い,,
6029,万能バッグ,,
6030,魔法昇格指南,,
6031,ゴールドルービックキューブ,,
6032,シルバークラウン,,
6033,巫女の呪い,,
6034,万能バッグ,,
6035,魔法昇格指南,,
6036,ゴールドルービックキューブ,,
6037,シルバークラウン,,
6038,巫女の呪い,,
6039,万能バッグ,,
6040,魔法昇格指南,,
6041,ラッキークローバー,,
6042,スリングショット,,
6043,雪精霊のキス,,
6044,柔道の黒帯,,
6045,必勝はちまき,,
6046,ラッキークローバー,,
6047,スリングショット,,
6048,雪精霊のキス,,
6049,柔道の黒帯,,
6050,必勝はちまき,,
6051,ラッキークローバー,,
6052,スリングショット,,
6053,雪精霊のキス,,
6054,柔道の黒帯,,
6055,必勝はちまき,,
6056,ラッキークローバー,,
6057,スリングショット,,
6058,雪精霊のキス,,
6059,柔道の黒帯,,
6060,必勝はちまき,,
6061,ラッキークローバー,,
6062,スリングショット,,
6063,雪精霊のキス,,
6064,柔道の黒帯,,
6065,必勝はちまき,,
6066,バット,,
6067,日本刀,,
6068,封印の書,,
6069,竜の牙,,
6070,燃料樽,,
6071,紅いパンプス,,
6072,バット,,
6073,日本刀,,
6074,封印の書,,
6075,竜の牙,,
6076,燃料樽,,
6077,紅いパンプス,,
6078,バット,,
6079,日本刀,,
6080,封印の書,,
6081,竜の牙,,
6082,燃料樽,,
6083,紅いパンプス,,
6084,バット,,
6085,日本刀,,
6086,封印の書,,
6087,竜の牙,,
6088,燃料樽,,
6089,紅いパンプス,,
6090,バット,,
6091,日本刀,,
6092,封印の書,,
6093,竜の牙,,
6094,燃料樽,,
6095,紅いパンプス,,
6096,天使のワンド,,
6097,火羽,,
6098,妖刀赤染桜,,
6099,落雷の札,,
6100,呂布の豪勇,,
6101,レースの靴下,,
6102,桜の枝,,
6103,舞踏会の仮面,,
6104,トランプのクイーン,,
6105,雪精霊の斧,,
6106,クリスマスツリー,,
6107,雷神の心,,
6108,スーパー薬剤,,
6109,魂石ペンダント,,
6110,ガブリエルの歌,,
6111,悪魔の書,,
6112,命運の十字,,
6113,精霊の祝福の冠,,
6114,猫耳フード,,
6115,ガーターベルト,,
6116,ビーチバレーボール,,
6117,ハートのピアス,,
6118,天使のワンド,,
6119,火羽,,
6120,妖刀赤染桜,,
6121,落雷の札,,
6122,呂布の豪勇,,
6123,レースの靴下,,
6124,桜の枝,,
6125,舞踏会の仮面,,
6126,トランプのクイーン,,
6127,雪精霊の斧,,
6128,クリスマスツリー,,
6129,雷神の心,,
6130,スーパー薬剤,,
6131,魂石ペンダント,,
6132,ガブリエルの歌,,
6133,悪魔の書,,
6134,命運の十字,,
6135,精霊の祝福の冠,,
6136,猫耳フード,,
6137,ガーターベルト,,
6138,ビーチバレーボール,,
6139,ハートのピアス,,
6140,天使のワンド,,
6141,火羽,,
6142,妖刀赤染桜,,
6143,落雷の札,,
6144,呂布の豪勇,,
6145,レースの靴下,,
6146,桜の枝,,
6147,舞踏会の仮面,,
6148,トランプのクイーン,,
6149,雪精霊の斧,,
6150,クリスマスツリー,,
6151,雷神の心,,
6152,スーパー薬剤,,
6153,魂石ペンダント,,
6154,ガブリエルの歌,,
6155,悪魔の書,,
6156,命運の十字,,
6157,精霊の祝福の冠,,
6158,猫耳フード,,
6159,ガーターベルト,,
6160,ビーチバレーボール,,
6161,ハートのピアス,,
6162,天使のワンド,,
6163,火羽,,
6164,妖刀赤染桜,,
6165,落雷の札,,
6166,呂布の豪勇,,
6167,レースの靴下,,
6168,桜の枝,,
6169,舞踏会の仮面,,
6170,トランプのクイーン,,
6171,雪精霊の斧,,
6172,クリスマスツリー,,
6173,雷神の心,,
6174,スーパー薬剤,,
6175,魂石ペンダント,,
6176,ガブリエルの歌,,
6177,悪魔の書,,
6178,命運の十字,,
6179,精霊の祝福の冠,,
6180,猫耳フード,,
6181,ガーターベルト,,
6182,ビーチバレーボール,,
6183,ハートのピアス,,
6184,天使のワンド,,
6185,火羽,,
6186,妖刀赤染桜,,
6187,落雷の札,,
6188,呂布の豪勇,,
6189,レースの靴下,,
6190,桜の枝,,
6191,舞踏会の仮面,,
6192,トランプのクイーン,,
6193,雪精霊の斧,,
6194,クリスマスツリー,,
6195,雷神の心,,
6196,スーパー薬剤,,
6197,魂石ペンダント,,
6198,ガブリエルの歌,,
6199,悪魔の書,,
6200,命運の十字,,
6201,精霊の祝福の冠,,
6202,猫耳フード,,
6203,ガーターベルト,,
6204,ビーチバレーボール,,
6205,ハートのピアス,,
6206,天使のワンド,,
6207,火羽,,
6208,妖刀赤染桜,,
6209,落雷の札,,
6210,呂布の豪勇,,
6211,レースの靴下,,
6212,桜の枝,,
6213,舞踏会の仮面,,
6214,トランプのクイーン,,
6215,雪精霊の斧,,
6216,クリスマスツリー,,
6217,雷神の心,,
6218,スーパー薬剤,,
6219,魂石ペンダント,,
6220,ガブリエルの歌,,
6221,悪魔の書,,
6222,命運の十字,,
6223,精霊の祝福の冠,,
6224,猫耳フード,,
6225,ガーターベルト,,
6226,ビーチバレーボール,,
6227,ハートのピアス,,
6228,大喬の祝福,,
6229,迷魂の香炉,,
6230,妖刀村正,,
6231,火精霊の怒り,,
6232,万物復帰,,
6233,風の力,,
6234,雪玉,,
6235,ウィザードハット,,
6236,運命の指南,,
6237,封印の剣・隠匿,,
6238,苦痛の枷・隠匿,,
6239,鋭棘の盾・隠匿,,
6240,封印されし心・神威,,
6241,悪魔の血・神威,,
6242,雪精霊の弓,,
6243,封印の剣・風見,,
6244,苦痛の枷・風見,,
6245,鋭棘の盾・風見,,
6246,封印されし心・雲華,,
6247,女王の冠,,
6248,悪魔の羽,,
6249,運命の魔鏡,,
6250,ステルスマント,,
6251,大喬の祝福,,
6252,迷魂の香炉,,
6253,妖刀村正,,
6254,火精霊の怒り,,
6255,万物復帰,,
6256,風の力,,
6257,雪玉,,
6258,ウィザードハット,,
6259,運命の指南,,
6260,封印の剣・隠匿,,
6261,苦痛の枷・隠匿,,
6262,鋭棘の盾・隠匿,,
6263,封印されし心・神威,,
6264,悪魔の血・神威,,
6265,雪精霊の弓,,
6266,封印の剣・風見,,
6267,苦痛の枷・風見,,
6268,鋭棘の盾・風見,,
6269,封印されし心・雲華,,
6270,女王の冠,,
6271,悪魔の羽,,
6272,運命の魔鏡,,
6273,ステルスマント,,
6274,大喬の祝福,,
6275,迷魂の香炉,,
6276,妖刀村正,,
6277,火精霊の怒り,,
6278,万物復帰,,
6279,風の力,,
6280,雪玉,,
6281,ウィザードハット,,
6282,運命の指南,,
6283,封印の剣・隠匿,,
6284,苦痛の枷・隠匿,,
6285,鋭棘の盾・隠匿,,
6286,封印されし心・神威,,
6287,悪魔の血・神威,,
6288,雪精霊の弓,,
6289,封印の剣・風見,,
6290,苦痛の枷・風見,,
6291,鋭棘の盾・風見,,
6292,封印されし心・雲華,,
6293,女王の冠,,
6294,悪魔の羽,,
6295,運命の魔鏡,,
6296,ステルスマント,,
6297,大喬の祝福,,
6298,迷魂の香炉,,
6299,妖刀村正,,
6300,火精霊の怒り,,
6301,万物復帰,,
6302,風の力,,
6303,雪玉,,
6304,ウィザードハット,,
6305,運命の指南,,
6306,封印の剣・隠匿,,
6307,苦痛の枷・隠匿,,
6308,鋭棘の盾・隠匿,,
6309,封印されし心・神威,,
6310,悪魔の血・神威,,
6311,雪精霊の弓,,
6312,封印の剣・風見,,
6313,苦痛の枷・風見,,
6314,鋭棘の盾・風見,,
6315,封印されし心・雲華,,
6316,女王の冠,,
6317,悪魔の羽,,
6318,運命の魔鏡,,
6319,ステルスマント,,
6320,大喬の祝福,,
6321,迷魂の香炉,,
6322,妖刀村正,,
6323,火精霊の怒り,,
6324,万物復帰,,
6325,風の力,,
6326,雪玉,,
6327,ウィザードハット,,
6328,運命の指南,,
6329,封印の剣・隠匿,,
6330,苦痛の枷・隠匿,,
6331,鋭棘の盾・隠匿,,
6332,封印されし心・神威,,
6333,悪魔の血・神威,,
6334,雪精霊の弓,,
6335,封印の剣・風見,,
6336,苦痛の枷・風見,,
6337,鋭棘の盾・風見,,
6338,封印されし心・雲華,,
6339,女王の冠,,
6340,悪魔の羽,,
6341,運命の魔鏡,,
6342,ステルスマント,,
6343,大喬の祝福,,
6344,迷魂の香炉,,
6345,妖刀村正,,
6346,火精霊の怒り,,
6347,万物復帰,,
6348,風の力,,
6349,雪玉,,
6350,ウィザードハット,,
6351,運命の指南,,
6352,封印の剣・隠匿,,
6353,苦痛の枷・隠匿,,
6354,鋭棘の盾・隠匿,,
6355,封印されし心・神威,,
6356,悪魔の血・神威,,
6357,雪精霊の弓,,
6358,封印の剣・風見,,
6359,苦痛の枷・風見,,
6360,鋭棘の盾・風見,,
6361,封印されし心・雲華,,
6362,女王の冠,,
6363,悪魔の羽,,
6364,運命の魔鏡,,
6365,ステルスマント,,
6366,フルーツケーキ,,
6367,フルーツケーキ,,
6368,フルーツケーキ,,
6369,フルーツケーキ,,
6370,フルーツケーキ,,
6371,マジックレンガ,,
6372,マジックレンガ,,
6373,マジックレンガ,,
6374,マジックレンガ,,
6375,マジックレンガ,,
6376,マジックレンガ,,
6377,時の砂,,
6378,時の砂,,
6379,時の砂,,
6380,時の砂,,
6381,時の砂,,
6382,時の砂,,
6383,エレガントナイト,,
6384,エレガントナイト,,
6385,エレガントナイト,,
6386,エレガントナイト,,
6387,エレガントナイト,,
6388,エレガントナイト,,
6389,対立,,
6390,対立,,
6391,対立,,
6392,対立,,
6393,対立,,
6394,対立,,
6395,心霊の鍵,,
6396,心霊の鍵,,
6397,心霊の鍵,,
6398,心霊の鍵,,
6399,心霊の鍵,,
6400,心霊の鍵,,
6401,アーミーナイフ,,
6402,アーミーナイフ,,
6403,アーミーナイフ,,
6404,アーミーナイフ,,
6405,アーミーナイフ,,
6406,アーミーナイフ,,
6407,探知の懐中時計,,
6408,探知の懐中時計,,
6409,探知の懐中時計,,
6410,探知の懐中時計,,
6411,探知の懐中時計,,
6412,探知の懐中時計,,
6413,審判の剣,,
6414,審判の剣,,
6415,審判の剣,,
6416,審判の剣,,
6417,審判の剣,,
6418,審判の剣,,
6419,バランサー,,
6420,バランサー,,
6421,バランサー,,
6422,バランサー,,
6423,バランサー,,
6424,バランサー,,
6425,天国の鍵,,
6426,天国の鍵,,
6427,天国の鍵,,
6428,天国の鍵,,
6429,天国の鍵,,
6430,天国の鍵,,
6431,運命の魂晶,,
6432,運命の魂晶,,
6433,運命の魂晶,,
6434,運命の魂晶,,
6435,運命の魂晶,,
6436,運命の魂晶,,
6437,金輝の翼,,
6438,金輝の翼,,
6439,金輝の翼,,
6440,金輝の翼,,
6441,金輝の翼,,
6442,金輝の翼,,
7001,ビーチリゾート,,邪魔……しないで……ずっとこのまま……のんびりしていたいんだから
7002,始源の序,,これはまさに世界を創造し、\n改変できるような力だ！\n学園制覇にきっと役に立つだろう。
7003,海のお姫様,,ほらほら～！海にもおいしいお肉が\nいっぱいあるんだね！
7004,運命の赤い糸,,運命は……赤い糸でつながっている……\n果たしてそれは幸せなのかな？
7005,ハロウィンの仮装,,ん？祝日の新衣装？悪くはないわね……\nこれであの腑抜け共を懲らしめてやるわ。
7006,戦場の精鋭,,なによ、ケンカする気？\nそれじゃ俺の手りゅう弾を受けてみろ！
7007,風拳流宗師,,格闘術を学びたいって？\nじゃ教えてあげるよ！
7008,夢の国のアリス,,ウサギの洞穴には不思議なことがいっぱいあるんだ！これが夢なのかな……
7009,雪の女王,,私こそが、美しき雪の女王よ。\n異論は認めないわ。
7010,聖夜大祭り,,おい、クリスマスツリーの装飾を\n手伝ってくれないか？\nミカエルを驚かすためにな！
7011,聖夜仙霊,,ほらっ、これがあなたへの\nクリスマスプレゼントよ。\nちゃんと受け取ってね！
7012,冬の仙境,,見て見て！\nあそこに氷の結晶でできた木があるよ！\nとっても綺麗ね。
7013,アイスナイト,,ナイトはみんな自分の夢や愛する人を\n守るために戦っているけど、\n私は世界を守るために戦ってるの。
7014,新年メイク,,今宵はなんという夜だろうか。\n君とこの蝋燭の光を共にするとは。
7015,ハニーベビー,,今は一人じゃないの。\nだってあなたがいるから！
7016,ピンクハニー,,ふん、きつーくしつけてやろう。\nさっ、頭をこっちに出して！
7017,桜雨謡,,桜の花が舞い散る速度？\nそれも全て私の計算通りだよ。
7018,夜薔薇,,夜中の薔薇はとても綺麗ね。\nあなたもとても美味しそう。
7019,彼岸の守り,,あなたがくれた光なら、\n喜んで受け入れるわ。
7020,緋色のキス,,あなたが勝った以上、私も約束を守る。\n誓約しよう！
7021,桜色礼賛,,せ……先輩、いつもお世話になり\nありがとうございます。\nこれからもよろしくお願いします！
7022,氷薔軽舞,,霜と薔薇、\nあなたと私はお互いを頼りにしている。
7023,白薔薇の誓い,,神聖かつ純潔である薔薇に囲まれ、\n私はあなたと生涯を共にすることを誓う。
7024,桜の華,,可愛いキツネさん、あなたも\nお酒を飲みながらお花見したいの？
7025,春の日の卵,,イースター・エッグで春の息吹を\nたっぷり味わいましょう。
7026,千々恋歌,,そよ風が桃色の恋を運んできたよ。
7027,赤薔薇の約束,,真っ赤な薔薇の茂みか、\nそれとも灼熱の地獄の深淵か。\nさあ、どちらを選ぶつもりかな？
7028,ごろニャン,,何かこまった事があったら、遠慮にゃく\nニャンコに教えてくださいニャ～！\n全力で助けてあげるニャ～！
7029,辰星試験官,,辰星学部の試験官のミカエルです。\nよろしくお願いします。
7030,神威試験官,,お前は次の受験生か？\n準備が整うのを待っている暇はない。\nテスト開始！
7031,香ばしいちまき,,このちまき、いい香り～！\n貴方も食べたいの？\nあ、バルにはあげないよ！
7032,風見試験官,,さ、見せてもらおう、そなたの力を！
7033,真夏の砂浜,,ビーチバレーで勝負しよ！\n手加減しないからね～！
7034,グランブルー,,水着？この海には似合いそうね。\n一緒に水浴びでもしましょうか？
7035,修羅試験官,,テスト始め！\n貴様の魂のもがき苦しむ姿が楽しみだ。
1166,ウォーリアソード,,
2166,ウォーリアメイル,,
3166,ウォーリアヘルム,,
4166,ウォーリアブーツ,,
1266,ソーサラーの杖,,
2266,ソーサラーの服,,
3266,ソーサラーのアクセサリー,,
4266,ソーサラーの翼,,
1366,レンジャーの杖,,
2366,レンジャーの服,,
3366,レンジャーのアクセサリー,,
4366,レンジャーの翼,,
1466,アサシンナイフ,,
2466,アサシンフード,,
3466,アサシンリング,,
4466,アサシンブーツ,,
1566,プリーストフラスコ,,
2566,プリーストオード,,
3566,プリーストクロス,,
4566,プリーストブーツ,,
6443,荊棘の心,,
6444,荊棘の心,,
6445,荊棘の心,,
6446,荊棘の心,,
6447,荊棘の心,,
6448,荊棘の心,,
7036,お菓子番長,,パーティーがあるだと？\nんじゃ俺も準備してこようっと！
7037,スイーツ女神,,好きなお菓子、\nな～んでも持って帰ってね♪
7038,浪ノ剣,,我が剣に切れぬもの無し！\n例えそれが大波であっても！
7039,仙の誓い,,出会いこそが縁、このひと時を永遠に…
7040,緋色ノ恋,,わ、私、まともな礼装を持っていないの…\nこの姿でもいい……かな？
7041,風ノ矢,,私の矢はどんなものでも撃ち抜けるよ。\n気をつけて、当たっても知らないからな。
7042,雲華試験官,,雲華学部の考査は厳しいよ？\n準備はできた？
7043,夏色幽夢,,ぎゃ！近づかないで！\n水着姿なんて、やっぱり恥ずかしい～！
7044,無垢落桜,,このような衣装を贈ることが\nどういう意味なのか、わかっておるのか？
7045,隠匿試験官,,まったく、どうして私が試験官なのよ……まぁいいわ、急いでるんだから、\n早くかかってきなさい！
7046,無垢の翼,,先輩、どうして驚いているんです？\nまさか私が、こんな服を着る筈が無い\nとでも思っていましたか？
7047,砂浜の誘い,,先に酔っ払った方が、相手の言うことを\n何でも一つ聞くってことで！
7048,情熱の羽,,この熱い気持ちを感じましたか？
7049,光る影,,うえぇ～、ほんとにみんなの前に…？\nじゃあ……今回だけよ？
5641,竜玉,,
5642,竜玉,,
5643,竜玉,,
5644,竜玉,,
5645,竜玉,,
5646,竜玉,,
5647,竜玉,,
5648,竜玉,,
5649,竜玉,,
5650,竜玉,,
5651,竜玉,,
5652,竜玉,,
5653,竜玉,,
5654,竜玉,,
5655,竜玉,,
5656,竜玉,,
5657,竜玉,,
5658,竜玉,,
5659,竜玉,,
5660,竜玉,,
7050,黒羽魂音,,なにを隠す！なにを装う！\n我が歌の前に自分を解き放て！
7051,虹色音符,,うわっ！このキーボードいいわね！\nうちにある物と比べ物にならないよ！
7052,爆音連打,,このスティックが叩くのは虚ろ、\n響かせるは観客の心！
6449,からくりの傘,,"
伝説の技工者「魯班」が作り出した「人工魂器」の1つ。幽夢テクノロジー以外に、未知で危険な技術をたくさん織り交ぜているらしい。

この傘は使用者の意に沿って形態を変えることができ、様々な状況に対応できる。傘を開くと、傘の内側から魯班が制作した星図が見える。

傘は元々空から降って来るものを防ぐための物である。そのため、使用者が傘の本来の使い方ーー「傘を開き、空に向ける」時、魯班がこの傘に隠したあるメッセージが伝わる。「星図が描かれている内側は空を意味する。だが、本当の敵はその外側に存在する。」"
6450,からくりの傘,,"
伝説の技工者「魯班」が作り出した「人工魂器」の1つ。幽夢テクノロジー以外に、未知で危険な技術をたくさん織り交ぜているらしい。

この傘は使用者の意に沿って形態を変えることができ、様々な状況に対応できる。傘を開くと、傘の内側から魯班が制作した星図が見える。

傘は元々空から降って来るものを防ぐための物である。そのため、使用者が傘の本来の使い方ーー「傘を開き、空に向ける」時、魯班がこの傘に隠したあるメッセージが伝わる。「星図が描かれている内側は空を意味する。だが、本当の敵はその外側に存在する。」"
6451,からくりの傘,,"
伝説の技工者「魯班」が作り出した「人工魂器」の1つ。幽夢テクノロジー以外に、未知で危険な技術をたくさん織り交ぜているらしい。

この傘は使用者の意に沿って形態を変えることができ、様々な状況に対応できる。傘を開くと、傘の内側から魯班が制作した星図が見える。

傘は元々空から降って来るものを防ぐための物である。そのため、使用者が傘の本来の使い方ーー「傘を開き、空に向ける」時、魯班がこの傘に隠したあるメッセージが伝わる。「星図が描かれている内側は空を意味する。だが、本当の敵はその外側に存在する。」"
6452,からくりの傘,,"
伝説の技工者「魯班」が作り出した「人工魂器」の1つ。幽夢テクノロジー以外に、未知で危険な技術をたくさん織り交ぜているらしい。

この傘は使用者の意に沿って形態を変えることができ、様々な状況に対応できる。傘を開くと、傘の内側から魯班が制作した星図が見える。

傘は元々空から降って来るものを防ぐための物である。そのため、使用者が傘の本来の使い方ーー「傘を開き、空に向ける」時、魯班がこの傘に隠したあるメッセージが伝わる。「星図が描かれている内側は空を意味する。だが、本当の敵はその外側に存在する。」"
6453,からくりの傘,,"
伝説の技工者「魯班」が作り出した「人工魂器」の1つ。幽夢テクノロジー以外に、未知で危険な技術をたくさん織り交ぜているらしい。

この傘は使用者の意に沿って形態を変えることができ、様々な状況に対応できる。傘を開くと、傘の内側から魯班が制作した星図が見える。

傘は元々空から降って来るものを防ぐための物である。そのため、使用者が傘の本来の使い方ーー「傘を開き、空に向ける」時、魯班がこの傘に隠したあるメッセージが伝わる。「星図が描かれている内側は空を意味する。だが、本当の敵はその外側に存在する。」"
6454,からくりの傘,,"
伝説の技工者「魯班」が作り出した「人工魂器」の1つ。幽夢テクノロジー以外に、未知で危険な技術をたくさん織り交ぜているらしい。

この傘は使用者の意に沿って形態を変えることができ、様々な状況に対応できる。傘を開くと、傘の内側から魯班が制作した星図が見える。

傘は元々空から降って来るものを防ぐための物である。そのため、使用者が傘の本来の使い方ーー「傘を開き、空に向ける」時、魯班がこの傘に隠したあるメッセージが伝わる。「星図が描かれている内側は空を意味する。だが、本当の敵はその外側に存在する。」"
7053,低音咆哮,,よく聞け！この低音の力を！！
7054,オタク兎,,うわっ！新ステージの解禁前に\nまず月餅を食べなくちゃ～！
7055,羅刹の蜂,,私こそが強者、私こそが正義！
7056,氷炎の書,,止めないのね？\nじゃあまずはガチンと凍りつけて、\nドカーンとぶっ飛ばしましょう～！
7057,流炎鳳凰,,我が炎であなた達の罪を焼き尽くす！
7058,初心,,魏延の初心の衣装
7059,秋霖の後,,雨がやんだら、私と一緒に紅葉狩りに\n行ってくれない？せんぱ～い！
7060,楓林のひと時,,秋の楓はやっぱり素敵ね～。\nこんな美しいカエデの森で、\n先輩と一緒にトランプしたいな〜。
7061,お菓子の悪魔,,トリックオアトリート！お菓子を頂戴～！
7062,魅惑の魔女,,ね、空からハロウィンを楽しまない？\nもちろん、二人きりっでね～。
7063,スカーレット,,炎でなぜ敵が凍るって？\n知らない方が身のためだぞ？
7064,アンバー,,星があなたの願いを\n私に届けますよ、先輩。
7065,ジャッジメント,,全ての異端者を排除し、\n全ての悪を殲滅するのだ！
7066,無垢な花びら,,先輩……私、こういうの初めてですが……に、似合いますか？
7067,清風明月,,もぅ先輩、どこ見てるの？\nバルと遊ぶ時ぐらい、集中してよね？
7068,ほろ酔い,,あっ、せ～んぱ～い～。\nはへ？せんぱいが三人いる……？
7069,浮世の戯言,,アナタも一杯欲しいの？……あら～、\nごめんなさいね、こぼしちゃったわ～。\nきれいにしてくれるかしら？ウフフ～。
7070,湯上りサキュバス,,お洋服を返してください、ご主人様～。
7071,ジェイド,,鳥たちよ、羽ばたきなさい。あなた達が、私の翼よ。
7072,アクアマリン,,旅のゴールは、この海の先にあるわ！
7073,運命の聖夜,,あなたが欲しいのは白？黒？\nそれとも、両・方？
7074,魅惑の聖夜,,あらあら、凍えちゃって、\n私が温めてあ・げ・る♡
6455,ツインズロッド,,"
運命の双子、イサウとヤコブが使用している対になるロッド。所持者と同様で、2つのロッドに秘められている魔力は相対になる物である。

性質の差が大きい魔力は相容れない事は、学園の生徒なら誰でも知っていることだ。だが、例えそうであっても、イサウとヤコブの魔力は互いに連なっている。それはどれ程の対価を支払ってようやくできたことなのかは、彼女達が一番知っている。

少女達は「運命」に迫られ、戦いの舞台に立たされ、望まぬ役を演じる。"
6456,ツインズロッド,,"
運命の双子、イサウとヤコブが使用している対になるロッド。所持者と同様で、2つのロッドに秘められている魔力は相対になる物である。

性質の差が大きい魔力は相容れない事は、学園の生徒なら誰でも知っていることだ。だが、例えそうであっても、イサウとヤコブの魔力は互いに連なっている。それはどれ程の対価を支払ってようやくできたことなのかは、彼女達が一番知っている。

少女達は「運命」に迫られ、戦いの舞台に立たされ、望まぬ役を演じる。"
6457,ツインズロッド,,"
運命の双子、イサウとヤコブが使用している対になるロッド。所持者と同様で、2つのロッドに秘められている魔力は相対になる物である。

性質の差が大きい魔力は相容れない事は、学園の生徒なら誰でも知っていることだ。だが、例えそうであっても、イサウとヤコブの魔力は互いに連なっている。それはどれ程の対価を支払ってようやくできたことなのかは、彼女達が一番知っている。

少女達は「運命」に迫られ、戦いの舞台に立たされ、望まぬ役を演じる。"
6458,ツインズロッド,,"
運命の双子、イサウとヤコブが使用している対になるロッド。所持者と同様で、2つのロッドに秘められている魔力は相対になる物である。

性質の差が大きい魔力は相容れない事は、学園の生徒なら誰でも知っていることだ。だが、例えそうであっても、イサウとヤコブの魔力は互いに連なっている。それはどれ程の対価を支払ってようやくできたことなのかは、彼女達が一番知っている。

少女達は「運命」に迫られ、戦いの舞台に立たされ、望まぬ役を演じる。"
6459,ツインズロッド,,"
運命の双子、イサウとヤコブが使用している対になるロッド。所持者と同様で、2つのロッドに秘められている魔力は相対になる物である。

性質の差が大きい魔力は相容れない事は、学園の生徒なら誰でも知っていることだ。だが、例えそうであっても、イサウとヤコブの魔力は互いに連なっている。それはどれ程の対価を支払ってようやくできたことなのかは、彼女達が一番知っている。

少女達は「運命」に迫られ、戦いの舞台に立たされ、望まぬ役を演じる。"
6460,ツインズロッド,,"
運命の双子、イサウとヤコブが使用している対になるロッド。所持者と同様で、2つのロッドに秘められている魔力は相対になる物である。

性質の差が大きい魔力は相容れない事は、学園の生徒なら誰でも知っていることだ。だが、例えそうであっても、イサウとヤコブの魔力は互いに連なっている。それはどれ程の対価を支払ってようやくできたことなのかは、彼女達が一番知っている。

少女達は「運命」に迫られ、戦いの舞台に立たされ、望まぬ役を演じる。"
7075,雪兎の聖夜,,アンタも雪が好き？\nじゃあ、吹雪の中で踊らせてあげるわ！
7076,ブリザードナイト,,ふむ、この剣と雪、\nどちらの方が冷たいのか、\nすぐに分からせてやろう。
7077,大人の午後,,寒い日はコーヒーに限るわ～。\nあなたもいかが？\n変な薬なんて入れてないわよ？
7078,紅蓮の獅子舞,,ガォ！ネズミ、ぜんぶ、狩る！ニャハハ～
6461,赤刃の鎖,,"
火を祀る巫女、赤蓮が使用する鎖で繋がっている双鎌。赤蓮が両手でそれを握り、炎を纏わせた時に、その真価が発揮される。

赤蓮の主な戦闘スタイルは跳躍と回転である。空中に煌めく炎の痕、その姿はまるで踊っているかのようだ。そしてその戦闘スタイルの起源となるのは、しっぽにゃんが森で戯れ、狩猟している姿である。

例え森が消えた現在でも、部族の炎は消えない、そして赤蓮はその火に宿る神のことを信じ、最も辛い状況下でも、戦う事を諦めなかった。そしてついに、彼女は待ち望んでいた神に出会う。"
6462,赤刃の鎖,,"
火を祀る巫女、赤蓮が使用する鎖で繋がっている双鎌。赤蓮が両手でそれを握り、炎を纏わせた時に、その真価が発揮される。

赤蓮の主な戦闘スタイルは跳躍と回転である。空中に煌めく炎の痕、その姿はまるで踊っているかのようだ。そしてその戦闘スタイルの起源となるのは、しっぽにゃんが森で戯れ、狩猟している姿である。

例え森が消えた現在でも、部族の炎は消えない、そして赤蓮はその火に宿る神のことを信じ、最も辛い状況下でも、戦う事を諦めなかった。そしてついに、彼女は待ち望んでいた神に出会う。"
6463,赤刃の鎖,,"
火を祀る巫女、赤蓮が使用する鎖で繋がっている双鎌。赤蓮が両手でそれを握り、炎を纏わせた時に、その真価が発揮される。

赤蓮の主な戦闘スタイルは跳躍と回転である。空中に煌めく炎の痕、その姿はまるで踊っているかのようだ。そしてその戦闘スタイルの起源となるのは、しっぽにゃんが森で戯れ、狩猟している姿である。

例え森が消えた現在でも、部族の炎は消えない、そして赤蓮はその火に宿る神のことを信じ、最も辛い状況下でも、戦う事を諦めなかった。そしてついに、彼女は待ち望んでいた神に出会う。"
6464,赤刃の鎖,,"
火を祀る巫女、赤蓮が使用する鎖で繋がっている双鎌。赤蓮が両手でそれを握り、炎を纏わせた時に、その真価が発揮される。

赤蓮の主な戦闘スタイルは跳躍と回転である。空中に煌めく炎の痕、その姿はまるで踊っているかのようだ。そしてその戦闘スタイルの起源となるのは、しっぽにゃんが森で戯れ、狩猟している姿である。

例え森が消えた現在でも、部族の炎は消えない、そして赤蓮はその火に宿る神のことを信じ、最も辛い状況下でも、戦う事を諦めなかった。そしてついに、彼女は待ち望んでいた神に出会う。"
6465,赤刃の鎖,,"
火を祀る巫女、赤蓮が使用する鎖で繋がっている双鎌。赤蓮が両手でそれを握り、炎を纏わせた時に、その真価が発揮される。

赤蓮の主な戦闘スタイルは跳躍と回転である。空中に煌めく炎の痕、その姿はまるで踊っているかのようだ。そしてその戦闘スタイルの起源となるのは、しっぽにゃんが森で戯れ、狩猟している姿である。

例え森が消えた現在でも、部族の炎は消えない、そして赤蓮はその火に宿る神のことを信じ、最も辛い状況下でも、戦う事を諦めなかった。そしてついに、彼女は待ち望んでいた神に出会う。"
6466,赤刃の鎖,,"
火を祀る巫女、赤蓮が使用する鎖で繋がっている双鎌。赤蓮が両手でそれを握り、炎を纏わせた時に、その真価が発揮される。

赤蓮の主な戦闘スタイルは跳躍と回転である。空中に煌めく炎の痕、その姿はまるで踊っているかのようだ。そしてその戦闘スタイルの起源となるのは、しっぽにゃんが森で戯れ、狩猟している姿である。

例え森が消えた現在でも、部族の炎は消えない、そして赤蓮はその火に宿る神のことを信じ、最も辛い状況下でも、戦う事を諦めなかった。そしてついに、彼女は待ち望んでいた神に出会う。"
7079,殲滅の双星,,空に煌めく白黒の双星の輝きが、\n敵が見る最後の光だ。
7080,福神の使い,,新たな始まり、祝福を込めて捧げよう。
7081,ハートの女王,,フフッ、私の美貌に酔いしれたか？
6467,月光の銀刃,,"
月光のワルキューレ、シルバーが使用している銀色のナイフ。その刀身は月光の下、冷たい光を放つ。

暗闇に身を潜める暗殺者にとって、自身の居場所がバレる事は最も恐るべき事であるが、シルバーはその夜空に月光の軌跡を残すナイフを使い続けた。それは彼女の自信の現れであるとともに、微かな希望の光を追い求める、人々の渇望の現れであった。

夜闇で方向を見失った時、月の光が唯一の道標である。"
6468,月光の銀刃,,"
月光のワルキューレ、シルバーが使用している銀色のナイフ。その刀身は月光の下、冷たい光を放つ。

暗闇に身を潜める暗殺者にとって、自身の居場所がバレる事は最も恐るべき事であるが、シルバーはその夜空に月光の軌跡を残すナイフを使い続けた。それは彼女の自信の現れであるとともに、微かな希望の光を追い求める、人々の渇望の現れであった。

夜闇で方向を見失った時、月の光が唯一の道標である。"
6469,月光の銀刃,,"
月光のワルキューレ、シルバーが使用している銀色のナイフ。その刀身は月光の下、冷たい光を放つ。

暗闇に身を潜める暗殺者にとって、自身の居場所がバレる事は最も恐るべき事であるが、シルバーはその夜空に月光の軌跡を残すナイフを使い続けた。それは彼女の自信の現れであるとともに、微かな希望の光を追い求める、人々の渇望の現れであった。

夜闇で方向を見失った時、月の光が唯一の道標である。"
6470,月光の銀刃,,"
月光のワルキューレ、シルバーが使用している銀色のナイフ。その刀身は月光の下、冷たい光を放つ。

暗闇に身を潜める暗殺者にとって、自身の居場所がバレる事は最も恐るべき事であるが、シルバーはその夜空に月光の軌跡を残すナイフを使い続けた。それは彼女の自信の現れであるとともに、微かな希望の光を追い求める、人々の渇望の現れであった。

夜闇で方向を見失った時、月の光が唯一の道標である。"
6471,月光の銀刃,,"
月光のワルキューレ、シルバーが使用している銀色のナイフ。その刀身は月光の下、冷たい光を放つ。

暗闇に身を潜める暗殺者にとって、自身の居場所がバレる事は最も恐るべき事であるが、シルバーはその夜空に月光の軌跡を残すナイフを使い続けた。それは彼女の自信の現れであるとともに、微かな希望の光を追い求める、人々の渇望の現れであった。

夜闇で方向を見失った時、月の光が唯一の道標である。"
6472,月光の銀刃,,"
月光のワルキューレ、シルバーが使用している銀色のナイフ。その刀身は月光の下、冷たい光を放つ。

暗闇に身を潜める暗殺者にとって、自身の居場所がバレる事は最も恐るべき事であるが、シルバーはその夜空に月光の軌跡を残すナイフを使い続けた。それは彼女の自信の現れであるとともに、微かな希望の光を追い求める、人々の渇望の現れであった。

夜闇で方向を見失った時、月の光が唯一の道標である。"
7082,裂空の銀月,,銀色の一閃と共に咲き誇る、血潮のバラ。
7083,チャームルビー,,お姉さんと一杯どう？\nこれ？ただの金色の炭酸水よ。\n薬なんて入れてないわ～。
7084,キティルビー,,クッ、この私にトイレ掃除を\nやらせるなんて！後で後悔させてやるわ！
7085,トリックルビー,,フフッ、あなたが瞬きした瞬間に、\nもう全て終わっているわよ。
6473,イマジンブレイド,,"
悪夢を乗り越え生まれ変わった魏延が使用する双刃。魏延の義肢は伝説の技工者「魯班」が作り出した「人工魂器」の1つ。幽夢テクノロジー以外に、未知で危険な技術をたくさん織り交ぜているらしい。

魏延は悪夢と闇の中で一筋の光を見つけ出し、そこから希望を取り戻した。義肢はそんな魏延に応えるかのように、羽を広げると同時に、この双刃を生み出した。重く巨大な刃は蛹を破る時の意志を表し、軽く細長い刃は空を翔ぶ願望の表しである。

魏延の記憶の中では、光を追い求める小さな生き物があった。魏延の今の姿は、光を追い求める自分の姿を、その生き物に重ねた結果かもしれない。"
6474,イマジンブレイド,,"
悪夢を乗り越え生まれ変わった魏延が使用する双刃。魏延の義肢は伝説の技工者「魯班」が作り出した「人工魂器」の1つ。幽夢テクノロジー以外に、未知で危険な技術をたくさん織り交ぜているらしい。

魏延は悪夢と闇の中で一筋の光を見つけ出し、そこから希望を取り戻した。義肢はそんな魏延に応えるかのように、羽を広げると同時に、この双刃を生み出した。重く巨大な刃は蛹を破る時の意志を表し、軽く細長い刃は空を翔ぶ願望の表しである。

魏延の記憶の中では、光を追い求める小さな生き物があった。魏延の今の姿は、光を追い求める自分の姿を、その生き物に重ねた結果かもしれない。"
6475,イマジンブレイド,,"
悪夢を乗り越え生まれ変わった魏延が使用する双刃。魏延の義肢は伝説の技工者「魯班」が作り出した「人工魂器」の1つ。幽夢テクノロジー以外に、未知で危険な技術をたくさん織り交ぜているらしい。

魏延は悪夢と闇の中で一筋の光を見つけ出し、そこから希望を取り戻した。義肢はそんな魏延に応えるかのように、羽を広げると同時に、この双刃を生み出した。重く巨大な刃は蛹を破る時の意志を表し、軽く細長い刃は空を翔ぶ願望の表しである。

魏延の記憶の中では、光を追い求める小さな生き物があった。魏延の今の姿は、光を追い求める自分の姿を、その生き物に重ねた結果かもしれない。"
6476,イマジンブレイド,,"
悪夢を乗り越え生まれ変わった魏延が使用する双刃。魏延の義肢は伝説の技工者「魯班」が作り出した「人工魂器」の1つ。幽夢テクノロジー以外に、未知で危険な技術をたくさん織り交ぜているらしい。

魏延は悪夢と闇の中で一筋の光を見つけ出し、そこから希望を取り戻した。義肢はそんな魏延に応えるかのように、羽を広げると同時に、この双刃を生み出した。重く巨大な刃は蛹を破る時の意志を表し、軽く細長い刃は空を翔ぶ願望の表しである。

魏延の記憶の中では、光を追い求める小さな生き物があった。魏延の今の姿は、光を追い求める自分の姿を、その生き物に重ねた結果かもしれない。"
6477,イマジンブレイド,,"
悪夢を乗り越え生まれ変わった魏延が使用する双刃。魏延の義肢は伝説の技工者「魯班」が作り出した「人工魂器」の1つ。幽夢テクノロジー以外に、未知で危険な技術をたくさん織り交ぜているらしい。

魏延は悪夢と闇の中で一筋の光を見つけ出し、そこから希望を取り戻した。義肢はそんな魏延に応えるかのように、羽を広げると同時に、この双刃を生み出した。重く巨大な刃は蛹を破る時の意志を表し、軽く細長い刃は空を翔ぶ願望の表しである。

魏延の記憶の中では、光を追い求める小さな生き物があった。魏延の今の姿は、光を追い求める自分の姿を、その生き物に重ねた結果かもしれない。"
6478,イマジンブレイド,,"
悪夢を乗り越え生まれ変わった魏延が使用する双刃。魏延の義肢は伝説の技工者「魯班」が作り出した「人工魂器」の1つ。幽夢テクノロジー以外に、未知で危険な技術をたくさん織り交ぜているらしい。

魏延は悪夢と闇の中で一筋の光を見つけ出し、そこから希望を取り戻した。義肢はそんな魏延に応えるかのように、羽を広げると同時に、この双刃を生み出した。重く巨大な刃は蛹を破る時の意志を表し、軽く細長い刃は空を翔ぶ願望の表しである。

魏延の記憶の中では、光を追い求める小さな生き物があった。魏延の今の姿は、光を追い求める自分の姿を、その生き物に重ねた結果かもしれない。"
6479,ウルフバイト,,"
月下に吠える狂狼、フェンリルが使用するノコギリ状の歯がついている棍棒。非常に粗い技術により、握りやすい形状に加工されている。

フェンリルは恐ろしい怪力を持っているが、この棍棒はその怪力と乱暴な扱いを耐え抜き、未だに折れていないため、フェンリルはこれをひどく気に入っている。

棍棒の太い方の断面から見ると、この武器は本来なにかの生物の一部かもしれないと推測される。だが、そうだとすると、それは恐ろしいほど巨大で古く、それこそ忘れ去られし「神々の時代」の生物かもしれない。"
6480,ウルフバイト,,"
月下に吠える狂狼、フェンリルが使用するノコギリ状の歯がついている棍棒。非常に粗い技術により、握りやすい形状に加工されている。

フェンリルは恐ろしい怪力を持っているが、この棍棒はその怪力と乱暴な扱いを耐え抜き、未だに折れていないため、フェンリルはこれをひどく気に入っている。

棍棒の太い方の断面から見ると、この武器は本来なにかの生物の一部かもしれないと推測される。だが、そうだとすると、それは恐ろしいほど巨大で古く、それこそ忘れ去られし「神々の時代」の生物かもしれない。"
6481,ウルフバイト,,"
月下に吠える狂狼、フェンリルが使用するノコギリ状の歯がついている棍棒。非常に粗い技術により、握りやすい形状に加工されている。

フェンリルは恐ろしい怪力を持っているが、この棍棒はその怪力と乱暴な扱いを耐え抜き、未だに折れていないため、フェンリルはこれをひどく気に入っている。

棍棒の太い方の断面から見ると、この武器は本来なにかの生物の一部かもしれないと推測される。だが、そうだとすると、それは恐ろしいほど巨大で古く、それこそ忘れ去られし「神々の時代」の生物かもしれない。"
6482,ウルフバイト,,"
月下に吠える狂狼、フェンリルが使用するノコギリ状の歯がついている棍棒。非常に粗い技術により、握りやすい形状に加工されている。

フェンリルは恐ろしい怪力を持っているが、この棍棒はその怪力と乱暴な扱いを耐え抜き、未だに折れていないため、フェンリルはこれをひどく気に入っている。

棍棒の太い方の断面から見ると、この武器は本来なにかの生物の一部かもしれないと推測される。だが、そうだとすると、それは恐ろしいほど巨大で古く、それこそ忘れ去られし「神々の時代」の生物かもしれない。"
6483,ウルフバイト,,"
月下に吠える狂狼、フェンリルが使用するノコギリ状の歯がついている棍棒。非常に粗い技術により、握りやすい形状に加工されている。

フェンリルは恐ろしい怪力を持っているが、この棍棒はその怪力と乱暴な扱いを耐え抜き、未だに折れていないため、フェンリルはこれをひどく気に入っている。

棍棒の太い方の断面から見ると、この武器は本来なにかの生物の一部かもしれないと推測される。だが、そうだとすると、それは恐ろしいほど巨大で古く、それこそ忘れ去られし「神々の時代」の生物かもしれない。"
6484,ウルフバイト,,"
月下に吠える狂狼、フェンリルが使用するノコギリ状の歯がついている棍棒。非常に粗い技術により、握りやすい形状に加工されている。

フェンリルは恐ろしい怪力を持っているが、この棍棒はその怪力と乱暴な扱いを耐え抜き、未だに折れていないため、フェンリルはこれをひどく気に入っている。

棍棒の太い方の断面から見ると、この武器は本来なにかの生物の一部かもしれないと推測される。だが、そうだとすると、それは恐ろしいほど巨大で古く、それこそ忘れ去られし「神々の時代」の生物かもしれない。"
6485,ブレイクウェーブ,,
6486,ブレイクウェーブ,,
6487,ブレイクウェーブ,,
6488,ブレイクウェーブ,,
6489,ブレイクウェーブ,,
6490,ブレイクウェーブ,,
6491,シェンロンジェン,,
6492,シェンロンジェン,,
6493,シェンロンジェン,,
6494,シェンロンジェン,,
6495,シェンロンジェン,,
6496,シェンロンジェン,,
7086,桜花の舞,,桜が散りゆく季節だけど、\n私たちにとっては出会いの季節だね、\n先輩！
7087,桜花の旅路,,熊五郎、熊の助、熊吉……ねぇ、先輩、\nこの子の名前、どれが良いと思うのだ？\nうん？全部古い……？
7088,1/2の花嫁,,どっちか1人を選べとは言わないわ！\n男なら、まとめて2人を\n幸せにしてみなさい、先輩！
7089,ジャッジメント,,うん？イヤーマフの位置がおかしい？\nふふ、それ以上は、言っちゃダメですよ。
7090,フルスイング,,なに、飛んで来る球を\n棒で打ち返すだけだ。簡単だろ？
7091,トップランナー,,運も実力の内ですよ。\n私の狐さんは幸運を招く狐さんなのです。
7092,キラーアタック,,文字通り「死ぬ気」で受け止めてみろ。
7093,ガン＆ビースト,,銃？分からにゃい……\nこの棒で、叩けば、いいニャン？
7094,放課後ロマンス,,ふふ、先生にまで手を出すなんて、\n本当にいけない子ね♡
7095,月下の幻想曲,,まだまだ練習中なので、\n間違っても笑わないでくださいね、先輩。
7096,散らぬ桜花,,桜は散れども、\n先輩とのご縁は一生続きますように……
7097,URな私,,これでご主人様は\n一生ガチャ運アップだね！えへへ～
7098,龍のフルーレ,,真の強さと美しさ、\nあなたにも見せてあげるわ！
7099,真夏のサンフレア,,あ、あまりからかわないでください……\nでないと、せっかくの海水浴が\n海水温泉になってしまいます……
7100,五月晴れ,,ふふっ、\n貴殿が30分早くこの場所に来るのも、\n全てお見通しさ。
7101,夕闇の貴婦人,,あら…私ったら久々のデートで\n少しおめかしが過ぎたようですね。
7102,恋するジェラート,,剣の鍛錬以外の休日は初めてだな。\n期待しているぞ。
7103,カラクリ天使,,先輩！火をつける珍しい機械を\n見つけました！「らいたー」と\n言うらしいです！えっ、普通……？
7104,ワイルドガンナー,,オレと一戦交えたいだぁ？\nハッ、いいぜ、かかってこいよ！
7105,古城の生誕祭,,アニバーサリーとやらを私と一緒に\n過ごしたい？フン、何か献上品でも\nあるんでしょうね？人間。
6497,カーニバルステッキ,,
6498,カーニバルステッキ,,
6499,カーニバルステッキ,,
6500,カーニバルステッキ,,
6501,カーニバルステッキ,,
6502,カーニバルステッキ,,
7106,シャンパンナイト,,ねぇ、今日みたいな特別な日は、\nシャンパン風呂にでもしなぁ～い？
7107,マフィアクイーン,,「理」が作りだしたこの不条理な世界を、\n私が壊してやろう。
7108,マリンライダー,,ジェットスキーは初めてだが、\n安心して後ろに乗るが良い。\n私は何でも乗りこなせる女だ！
7109,夏恋バニラ,,何味が好きですか？えっ、バニラ？\nあ、アイスの話、ですよね？へへっ……
7110,夏限定ガチャ,,私を引き当てるなんて、今年の夏の運を\n全部使い切っちゃったね～！
7111,くまさんビーチ,,AIが海で遊べるのかって？\n心配ご無用！チューリングは防水だって\nバッチリなのだ！
7112,銀色のサーファー,,水に浮かぶ板に乗って何が楽しいのだ……キャッホーー！
7113,天使の戯れ,,夏は大胆になる、なんて言いますが、\nこれは先輩のため……ですよ？
7114,スイートベリー,,フレッシュないちごもいいけど、\n私だって食べ頃なんだから！
7115,メイドインサマー,,眼帯？あぁ、バニラから貰った\nこのサングラスがあるから、\n今日ぐらいは大丈夫さ。
6503,封印されし心・隠匿,,
6504,封印されし心・隠匿,,
6505,封印されし心・隠匿,,
6506,封印されし心・隠匿,,
6507,封印されし心・隠匿,,
6508,封印されし心・隠匿,,
6509,悪魔の血・隠匿,,
6510,悪魔の血・隠匿,,
6511,悪魔の血・隠匿,,
6512,悪魔の血・隠匿,,
6513,悪魔の血・隠匿,,
6514,悪魔の血・隠匿,,
6515,封印の剣・神威,,
6516,封印の剣・神威,,
6517,封印の剣・神威,,
6518,封印の剣・神威,,
6519,封印の剣・神威,,
6520,封印の剣・神威,,
6521,苦痛の枷・神威,,
6522,苦痛の枷・神威,,
6523,苦痛の枷・神威,,
6524,苦痛の枷・神威,,
6525,苦痛の枷・神威,,
6526,苦痛の枷・神威,,
6527,鋭棘の盾・神威,,
6528,鋭棘の盾・神威,,
6529,鋭棘の盾・神威,,
6530,鋭棘の盾・神威,,
6531,鋭棘の盾・神威,,
6532,鋭棘の盾・神威,,
6533,封印されし心・風見,,
6534,封印されし心・風見,,
6535,封印されし心・風見,,
6536,封印されし心・風見,,
6537,封印されし心・風見,,
6538,封印されし心・風見,,
6539,悪魔の血・風見,,
6540,悪魔の血・風見,,
6541,悪魔の血・風見,,
6542,悪魔の血・風見,,
6543,悪魔の血・風見,,
6544,悪魔の血・風見,,
6545,封印の剣・雲華,,
6546,封印の剣・雲華,,
6547,封印の剣・雲華,,
6548,封印の剣・雲華,,
6549,封印の剣・雲華,,
6550,封印の剣・雲華,,
6551,苦痛の枷・雲華,,
6552,苦痛の枷・雲華,,
6553,苦痛の枷・雲華,,
6554,苦痛の枷・雲華,,
6555,苦痛の枷・雲華,,
6556,苦痛の枷・雲華,,
6557,鋭棘の盾・雲華,,
6558,鋭棘の盾・雲華,,
6559,鋭棘の盾・雲華,,
6560,鋭棘の盾・雲華,,
6561,鋭棘の盾・雲華,,
6562,鋭棘の盾・雲華,,
6563,悪魔の血・雲華,,
6564,悪魔の血・雲華,,
6565,悪魔の血・雲華,,
6566,悪魔の血・雲華,,
6567,悪魔の血・雲華,,
6568,悪魔の血・雲華,,
6569,封印の剣・辰星,,
6570,封印の剣・辰星,,
6571,封印の剣・辰星,,
6572,封印の剣・辰星,,
6573,封印の剣・辰星,,
6574,封印の剣・辰星,,
6575,苦痛の枷・辰星,,
6576,苦痛の枷・辰星,,
6577,苦痛の枷・辰星,,
6578,苦痛の枷・辰星,,
6579,苦痛の枷・辰星,,
6580,苦痛の枷・辰星,,
6581,鋭棘の盾・辰星,,
6582,鋭棘の盾・辰星,,
6583,鋭棘の盾・辰星,,
6584,鋭棘の盾・辰星,,
6585,鋭棘の盾・辰星,,
6586,鋭棘の盾・辰星,,
6587,封印されし心・辰星,,
6588,封印されし心・辰星,,
6589,封印されし心・辰星,,
6590,封印されし心・辰星,,
6591,封印されし心・辰星,,
6592,封印されし心・辰星,,
6593,悪魔の血・辰星,,
6594,悪魔の血・辰星,,
6595,悪魔の血・辰星,,
6596,悪魔の血・辰星,,
6597,悪魔の血・辰星,,
6598,悪魔の血・辰星,,
6599,封印の剣・修羅,,
6600,封印の剣・修羅,,
6601,封印の剣・修羅,,
6602,封印の剣・修羅,,
6603,封印の剣・修羅,,
6604,封印の剣・修羅,,
6605,苦痛の枷・修羅,,
6606,苦痛の枷・修羅,,
6607,苦痛の枷・修羅,,
6608,苦痛の枷・修羅,,
6609,苦痛の枷・修羅,,
6610,苦痛の枷・修羅,,
6611,鋭棘の盾・修羅,,
6612,鋭棘の盾・修羅,,
6613,鋭棘の盾・修羅,,
6614,鋭棘の盾・修羅,,
6615,鋭棘の盾・修羅,,
6616,鋭棘の盾・修羅,,
6617,封印されし心・修羅,,
6618,封印されし心・修羅,,
6619,封印されし心・修羅,,
6620,封印されし心・修羅,,
6621,封印されし心・修羅,,
6622,封印されし心・修羅,,
6623,悪魔の血・修羅,,
6624,悪魔の血・修羅,,
6625,悪魔の血・修羅,,
6626,悪魔の血・修羅,,
6627,悪魔の血・修羅,,
6628,悪魔の血・修羅,,
6629,クロスボウ,,
6630,クロスボウ,,
6631,クロスボウ,,
6632,クロスボウ,,
6633,クロスボウ,,
6634,クロスボウ,,
6635,運命のサイコロ,,
6636,運命のサイコロ,,
6637,運命のサイコロ,,
6638,運命のサイコロ,,
6639,運命のサイコロ,,
6640,運命のサイコロ,,
6641,マナハット,,
6642,マナハット,,
6643,マナハット,,
6644,マナハット,,
6645,マナハット,,
6646,マナハット,,
6647,神楽鈴,,
6648,神楽鈴,,
6649,神楽鈴,,
6650,神楽鈴,,
6651,神楽鈴,,
6652,神楽鈴,,
6653,守護のガントレット,,
6654,守護のガントレット,,
6655,守護のガントレット,,
6656,守護のガントレット,,
6657,守護のガントレット,,
6658,守護のガントレット,,
6659,聖杯,,
6660,聖杯,,
6661,聖杯,,
6662,聖杯,,
6663,聖杯,,
6664,聖杯,,
6665,ベアハンマー,,
6666,ベアハンマー,,
6667,ベアハンマー,,
6668,ベアハンマー,,
6669,ベアハンマー,,
6670,ベアハンマー,,
6671,幽夢ランプ,,
6672,幽夢ランプ,,
6673,幽夢ランプ,,
6674,幽夢ランプ,,
6675,幽夢ランプ,,
6676,幽夢ランプ,,
6677,侍の兜,,
6678,侍の兜,,
6679,侍の兜,,
6680,侍の兜,,
6681,侍の兜,,
6682,侍の兜,,
6683,スズメバチ,,
6684,スズメバチ,,
6685,スズメバチ,,
6686,スズメバチ,,
6687,スズメバチ,,
6688,スズメバチ,,
6689,聖なる鈴,,
6690,聖なる鈴,,
6691,聖なる鈴,,
6692,聖なる鈴,,
6693,聖なる鈴,,
6694,聖なる鈴,,
6695,秘密の鍵,,
6696,秘密の鍵,,
6697,秘密の鍵,,
6698,秘密の鍵,,
6699,秘密の鍵,,
6700,秘密の鍵,,
7116,サマーツインズ,,あら残念、一足遅かったね～。\nオイルはヤコブに任せちゃったわ～！
7117,浪漫飛行,,先輩がゼンマイを回してくれれば、\nどこまでだって飛んで行けそうです。
7118,ワルキューレの夏,,ん？夏なんだから、海に来て当然だろ？\nそれより、チューリングを見なかったか？\n熊の水着を着たチューリングを！
7119,アンバランス,,ルシファー\n「この眼鏡は私の趣味じゃない！」\nミカエル「この服も露出高すぎです！」
6701,魔道銃「ソウルライト」,,"
王異が使用している魔導狙撃銃。伝説の技工者「魯班」が作り出した「人工魂器」の一つ。幽夢科学の他にも、様々な未知で危険な技術を使用しているようだ。

この銃は「魔力ポンプ」の小型化に成功した後、作られたものだ。「魔導銃」と言っているが、実は魔力で駆動しているのではなく、使用者の体内から魔力を汲み上げて、その魔力を凝縮して撃ちだすものである。威力は恐ろしい程高いが、使いすぎると使用者が魔力不足の状態になる。魔力不足になると、頭痛や嗜眠などの症状を引き起こすため、取り扱いには細心の注意が必要だ。

魯班からこの銃を受け取った時、王異はこの問題を知らなかった。だが、長く使い続けている彼女なら、とっくに気付いているはずだ。それでも未だに手放さないのは、魯班に対する尊敬、もしくはただ単純に自身のプライドが許さなかったのだろう。"
6702,魔道銃「ソウルライト」,,"
王異が使用している魔導狙撃銃。伝説の技工者「魯班」が作り出した「人工魂器」の一つ。幽夢科学の他にも、様々な未知で危険な技術を使用しているようだ。

この銃は「魔力ポンプ」の小型化に成功した後、作られたものだ。「魔導銃」と言っているが、実は魔力で駆動しているのではなく、使用者の体内から魔力を汲み上げて、その魔力を凝縮して撃ちだすものである。威力は恐ろしい程高いが、使いすぎると使用者が魔力不足の状態になる。魔力不足になると、頭痛や嗜眠などの症状を引き起こすため、取り扱いには細心の注意が必要だ。

魯班からこの銃を受け取った時、王異はこの問題を知らなかった。だが、長く使い続けている彼女なら、とっくに気付いているはずだ。それでも未だに手放さないのは、魯班に対する尊敬、もしくはただ単純に自身のプライドが許さなかったのだろう。"
6703,魔道銃「ソウルライト」,,"
王異が使用している魔導狙撃銃。伝説の技工者「魯班」が作り出した「人工魂器」の一つ。幽夢科学の他にも、様々な未知で危険な技術を使用しているようだ。

この銃は「魔力ポンプ」の小型化に成功した後、作られたものだ。「魔導銃」と言っているが、実は魔力で駆動しているのではなく、使用者の体内から魔力を汲み上げて、その魔力を凝縮して撃ちだすものである。威力は恐ろしい程高いが、使いすぎると使用者が魔力不足の状態になる。魔力不足になると、頭痛や嗜眠などの症状を引き起こすため、取り扱いには細心の注意が必要だ。

魯班からこの銃を受け取った時、王異はこの問題を知らなかった。だが、長く使い続けている彼女なら、とっくに気付いているはずだ。それでも未だに手放さないのは、魯班に対する尊敬、もしくはただ単純に自身のプライドが許さなかったのだろう。"
6704,魔道銃「ソウルライト」,,"
王異が使用している魔導狙撃銃。伝説の技工者「魯班」が作り出した「人工魂器」の一つ。幽夢科学の他にも、様々な未知で危険な技術を使用しているようだ。

この銃は「魔力ポンプ」の小型化に成功した後、作られたものだ。「魔導銃」と言っているが、実は魔力で駆動しているのではなく、使用者の体内から魔力を汲み上げて、その魔力を凝縮して撃ちだすものである。威力は恐ろしい程高いが、使いすぎると使用者が魔力不足の状態になる。魔力不足になると、頭痛や嗜眠などの症状を引き起こすため、取り扱いには細心の注意が必要だ。

魯班からこの銃を受け取った時、王異はこの問題を知らなかった。だが、長く使い続けている彼女なら、とっくに気付いているはずだ。それでも未だに手放さないのは、魯班に対する尊敬、もしくはただ単純に自身のプライドが許さなかったのだろう。"
6705,魔道銃「ソウルライト」,,"
王異が使用している魔導狙撃銃。伝説の技工者「魯班」が作り出した「人工魂器」の一つ。幽夢科学の他にも、様々な未知で危険な技術を使用しているようだ。

この銃は「魔力ポンプ」の小型化に成功した後、作られたものだ。「魔導銃」と言っているが、実は魔力で駆動しているのではなく、使用者の体内から魔力を汲み上げて、その魔力を凝縮して撃ちだすものである。威力は恐ろしい程高いが、使いすぎると使用者が魔力不足の状態になる。魔力不足になると、頭痛や嗜眠などの症状を引き起こすため、取り扱いには細心の注意が必要だ。

魯班からこの銃を受け取った時、王異はこの問題を知らなかった。だが、長く使い続けている彼女なら、とっくに気付いているはずだ。それでも未だに手放さないのは、魯班に対する尊敬、もしくはただ単純に自身のプライドが許さなかったのだろう。"
6706,魔道銃「ソウルライト」,,"
王異が使用している魔導狙撃銃。伝説の技工者「魯班」が作り出した「人工魂器」の一つ。幽夢科学の他にも、様々な未知で危険な技術を使用しているようだ。

この銃は「魔力ポンプ」の小型化に成功した後、作られたものだ。「魔導銃」と言っているが、実は魔力で駆動しているのではなく、使用者の体内から魔力を汲み上げて、その魔力を凝縮して撃ちだすものである。威力は恐ろしい程高いが、使いすぎると使用者が魔力不足の状態になる。魔力不足になると、頭痛や嗜眠などの症状を引き起こすため、取り扱いには細心の注意が必要だ。

魯班からこの銃を受け取った時、王異はこの問題を知らなかった。だが、長く使い続けている彼女なら、とっくに気付いているはずだ。それでも未だに手放さないのは、魯班に対する尊敬、もしくはただ単純に自身のプライドが許さなかったのだろう。"
7120,赤ずきん,,私を狙ってる狼ってもしかしてご主人様？\nでも、ご主人様になら\n食べられてもいいかも……
7121,白雪姫,,このリンゴを食べて眠ってしまったら……\n物語のように……\n先輩は私を起こしてくれるかな？
7122,シンデレラ,,ガラスの靴、動きにくいニャン……\n脱いだら、ダメニャン？
5701,星雲水晶,,
5702,星雲水晶,,
5703,星雲水晶,,
5704,星雲水晶,,
5705,星雲水晶,,
5706,星雲水晶,,
5707,星雲水晶,,
5708,星雲水晶,,
5709,星雲水晶,,
5710,星雲水晶,,
5711,星雲水晶,,
5712,星雲水晶,,
5713,星雲水晶,,
5714,星雲水晶,,
5715,星雲水晶,,
5716,星雲水晶,,
5717,星雲水晶,,
5718,星雲水晶,,
5719,星雲水晶,,
5720,星雲水晶,,
5721,星雲水晶,,
5722,星雲水晶,,
5723,星雲水晶,,
5724,星雲水晶,,
5725,星雲水晶,,
5726,星雲水晶,,
5727,星雲水晶,,
5728,星雲水晶,,
5729,星雲水晶,,
5730,星雲水晶,,
5731,星雲水晶,,
5732,星雲水晶,,
5733,星雲水晶,,
5734,星雲水晶,,
5735,星雲水晶,,
5736,星雲水晶,,
5737,星雲水晶,,
5738,星雲水晶,,
5739,星雲水晶,,
5740,星雲水晶,,
5741,星雲水晶,,
5742,星雲水晶,,
5743,星雲水晶,,
5744,星雲水晶,,
5745,星雲水晶,,
5746,星雲水晶,,
5747,星雲水晶,,
5748,星雲水晶,,
5749,星雲水晶,,
5750,星雲水晶,,
5751,星雲水晶,,
5752,星雲水晶,,
5753,星雲水晶,,
5754,星雲水晶,,
5755,星雲水晶,,
5756,星雲水晶,,
5757,星雲水晶,,
5758,星雲水晶,,
5759,星雲水晶,,
5760,星雲水晶,,
5761,星雲水晶,,
5762,星雲水晶,,
5763,星雲水晶,,
5764,星雲水晶,,
5765,星雲水晶,,
5766,星雲水晶,,
5767,星雲水晶,,
5768,星雲水晶,,
5769,星雲水晶,,
5770,星雲水晶,,
5771,星雲水晶,,
5772,星雲水晶,,
7123,かぐや姫,,満月の夜には、\n美しい笛の調べがお似合いでしょう？
7124,茜燃ゆ舞姫,,あらやだ、イタズラな葉っぱですわ……\nご主人様～取ってくださいまし～。
7125,白鳥の湖,,死がふたりを分かつまで……\nいえ、その後もずっと一緒よ……
7126,終焉の紫,,迷える子羊よ、懺悔なさい。
7127,スチームバロン,,おっほん、ようこそ\nお越しくださいました～！なぁんて、\nえへへ、立派なおひげでしょう～？
7128,銀月の誓い,,視界が塞がれようと、\nあなたの想いは筒抜けだ……\nこの私が末永く面倒をみてやろう。
7129,終曲の青,,今日は気分を変えて、\nレクイエムでもいかがですか？
7130,キャンディポップ,,う～ん、やってみたい仮装が多すぎて、\nとりあえず全部混ぜちゃいました！
7131,南瓜夜行,,西洋では、妖の仮装をすると\n皆が宝を差し出すらしい……\n何、ただの菓子だと？
6707,ホーリーブレス,,"
癒しの天使、華佗が使用している水晶の薬瓶。瓶の中には華佗が調合した薬が入っており、水晶を通して淡い光を放つ。精巧な見た目はまるで宝石そのものだが、そこに秘められた魔力の影響で、普通の人間がアクセサリーにするのは難しそうだ。

華佗が魔法で作った薬には彼女の魔力が込められており、水晶でできた薬瓶に入れて効力を保つ必要がある。華佗が瓶に魔力を注ぐと、生気に満ちた煙が立ち込める。一説によれば、華佗の聖なる光が煙の中で放つ柔らかな輝きは、神聖にして静謐さをたたえるとか。

生物を活性化させる魔法で人を救う霊薬を作る一方で、華佗の魔法は人を害する毒薬も作れるため、最も手強い戦姫の一人とされている。とはいえ華佗は、魔法を救命や治療にしか使っておらず、麻酔薬もあくまで手術に使うのみ。これもひとえに、華佗の信念と優しさの賜物だ。華佗の魔力が込められた薬を飲むと気分が落ち着くため、くれぐれも飲み過ぎて中毒にならないよう、ご注意を。"
6708,ホーリーブレス,,"
癒しの天使、華佗が使用している水晶の薬瓶。瓶の中には華佗が調合した薬が入っており、水晶を通して淡い光を放つ。精巧な見た目はまるで宝石そのものだが、そこに秘められた魔力の影響で、普通の人間がアクセサリーにするのは難しそうだ。

華佗が魔法で作った薬には彼女の魔力が込められており、水晶でできた薬瓶に入れて効力を保つ必要がある。華佗が瓶に魔力を注ぐと、生気に満ちた煙が立ち込める。一説によれば、華佗の聖なる光が煙の中で放つ柔らかな輝きは、神聖にして静謐さをたたえるとか。

生物を活性化させる魔法で人を救う霊薬を作る一方で、華佗の魔法は人を害する毒薬も作れるため、最も手強い戦姫の一人とされている。とはいえ華佗は、魔法を救命や治療にしか使っておらず、麻酔薬もあくまで手術に使うのみ。これもひとえに、華佗の信念と優しさの賜物だ。華佗の魔力が込められた薬を飲むと気分が落ち着くため、くれぐれも飲み過ぎて中毒にならないよう、ご注意を。"
6709,ホーリーブレス,,"
癒しの天使、華佗が使用している水晶の薬瓶。瓶の中には華佗が調合した薬が入っており、水晶を通して淡い光を放つ。精巧な見た目はまるで宝石そのものだが、そこに秘められた魔力の影響で、普通の人間がアクセサリーにするのは難しそうだ。

華佗が魔法で作った薬には彼女の魔力が込められており、水晶でできた薬瓶に入れて効力を保つ必要がある。華佗が瓶に魔力を注ぐと、生気に満ちた煙が立ち込める。一説によれば、華佗の聖なる光が煙の中で放つ柔らかな輝きは、神聖にして静謐さをたたえるとか。

生物を活性化させる魔法で人を救う霊薬を作る一方で、華佗の魔法は人を害する毒薬も作れるため、最も手強い戦姫の一人とされている。とはいえ華佗は、魔法を救命や治療にしか使っておらず、麻酔薬もあくまで手術に使うのみ。これもひとえに、華佗の信念と優しさの賜物だ。華佗の魔力が込められた薬を飲むと気分が落ち着くため、くれぐれも飲み過ぎて中毒にならないよう、ご注意を。"
6710,ホーリーブレス,,"
癒しの天使、華佗が使用している水晶の薬瓶。瓶の中には華佗が調合した薬が入っており、水晶を通して淡い光を放つ。精巧な見た目はまるで宝石そのものだが、そこに秘められた魔力の影響で、普通の人間がアクセサリーにするのは難しそうだ。

華佗が魔法で作った薬には彼女の魔力が込められており、水晶でできた薬瓶に入れて効力を保つ必要がある。華佗が瓶に魔力を注ぐと、生気に満ちた煙が立ち込める。一説によれば、華佗の聖なる光が煙の中で放つ柔らかな輝きは、神聖にして静謐さをたたえるとか。

生物を活性化させる魔法で人を救う霊薬を作る一方で、華佗の魔法は人を害する毒薬も作れるため、最も手強い戦姫の一人とされている。とはいえ華佗は、魔法を救命や治療にしか使っておらず、麻酔薬もあくまで手術に使うのみ。これもひとえに、華佗の信念と優しさの賜物だ。華佗の魔力が込められた薬を飲むと気分が落ち着くため、くれぐれも飲み過ぎて中毒にならないよう、ご注意を。"
6711,ホーリーブレス,,"
癒しの天使、華佗が使用している水晶の薬瓶。瓶の中には華佗が調合した薬が入っており、水晶を通して淡い光を放つ。精巧な見た目はまるで宝石そのものだが、そこに秘められた魔力の影響で、普通の人間がアクセサリーにするのは難しそうだ。

華佗が魔法で作った薬には彼女の魔力が込められており、水晶でできた薬瓶に入れて効力を保つ必要がある。華佗が瓶に魔力を注ぐと、生気に満ちた煙が立ち込める。一説によれば、華佗の聖なる光が煙の中で放つ柔らかな輝きは、神聖にして静謐さをたたえるとか。

生物を活性化させる魔法で人を救う霊薬を作る一方で、華佗の魔法は人を害する毒薬も作れるため、最も手強い戦姫の一人とされている。とはいえ華佗は、魔法を救命や治療にしか使っておらず、麻酔薬もあくまで手術に使うのみ。これもひとえに、華佗の信念と優しさの賜物だ。華佗の魔力が込められた薬を飲むと気分が落ち着くため、くれぐれも飲み過ぎて中毒にならないよう、ご注意を。"
6712,ホーリーブレス,,"
癒しの天使、華佗が使用している水晶の薬瓶。瓶の中には華佗が調合した薬が入っており、水晶を通して淡い光を放つ。精巧な見た目はまるで宝石そのものだが、そこに秘められた魔力の影響で、普通の人間がアクセサリーにするのは難しそうだ。

華佗が魔法で作った薬には彼女の魔力が込められており、水晶でできた薬瓶に入れて効力を保つ必要がある。華佗が瓶に魔力を注ぐと、生気に満ちた煙が立ち込める。一説によれば、華佗の聖なる光が煙の中で放つ柔らかな輝きは、神聖にして静謐さをたたえるとか。

生物を活性化させる魔法で人を救う霊薬を作る一方で、華佗の魔法は人を害する毒薬も作れるため、最も手強い戦姫の一人とされている。とはいえ華佗は、魔法を救命や治療にしか使っておらず、麻酔薬もあくまで手術に使うのみ。これもひとえに、華佗の信念と優しさの賜物だ。華佗の魔力が込められた薬を飲むと気分が落ち着くため、くれぐれも飲み過ぎて中毒にならないよう、ご注意を。"
7132,パンプキンナイト,,ワシの南蛮菓子が欲しければ、\nおまんの命を賭けるぜよ！
1167,ウォーリアソード,ウォーリアセット,
2167,ウォーリアメイル,ウォーリアセット,
3167,ウォーリアヘルム,ウォーリアセット,
4167,ウォーリアブーツ,ウォーリアセット,
1267,ソーサラーロッド,ソーサラーセット,
2267,ソーサラーローブ,ソーサラーセット,
3267,ソーサラーティアラ,ソーサラーセット,
4267,ソーサラーブーツ,ソーサラーセット,
1367,レンジャーボウ,レンジャーセット,
2367,レンジャースーツ,レンジャーセット,
3367,レンジャークィヴァー,レンジャーセット,
4367,レンジャーブーツ,レンジャーセット,
1467,アサシンナイフ,アサシンセット,
2467,アサシンフード,アサシンセット,
3467,アサシンリング,アサシンセット,
4467,アサシンブーツ,アサシンセット,
1567,プリーストフラスコ,プリーストセット,
2567,プリーストオード,プリーストセット,
3567,プリーストクロス,プリーストセット,
4567,プリーストブーツ,プリーストセット,
1168,ウォーリアソード,ウォーリアセット,
2168,ウォーリアメイル,ウォーリアセット,
3168,ウォーリアヘルム,ウォーリアセット,
4168,ウォーリアブーツ,ウォーリアセット,
1268,ソーサラーロッド,ソーサラーセット,
2268,ソーサラーローブ,ソーサラーセット,
3268,ソーサラーティアラ,ソーサラーセット,
4268,ソーサラーブーツ,ソーサラーセット,
1368,レンジャーボウ,レンジャーセット,
2368,レンジャースーツ,レンジャーセット,
3368,レンジャークィヴァー,レンジャーセット,
4368,レンジャーブーツ,レンジャーセット,
1468,アサシンナイフ,アサシンセット,
2468,アサシンフード,アサシンセット,
3468,アサシンリング,アサシンセット,
4468,アサシンブーツ,アサシンセット,
1568,プリーストフラスコ,プリーストセット,
2568,プリーストオード,プリーストセット,
3568,プリーストクロス,プリーストセット,
4568,プリーストブーツ,プリーストセット,
1169,ウォーリアソード,ウォーリアセット,
2169,ウォーリアメイル,ウォーリアセット,
3169,ウォーリアヘルム,ウォーリアセット,
4169,ウォーリアブーツ,ウォーリアセット,
1269,ソーサラーロッド,ソーサラーセット,
2269,ソーサラーローブ,ソーサラーセット,
3269,ソーサラーティアラ,ソーサラーセット,
4269,ソーサラーブーツ,ソーサラーセット,
1369,レンジャーボウ,レンジャーセット,
2369,レンジャースーツ,レンジャーセット,
3369,レンジャークィヴァー,レンジャーセット,
4369,レンジャーブーツ,レンジャーセット,
1469,アサシンナイフ,アサシンセット,
2469,アサシンフード,アサシンセット,
3469,アサシンリング,アサシンセット,
4469,アサシンブーツ,アサシンセット,
1569,プリーストフラスコ,プリーストセット,
2569,プリーストオード,プリーストセット,
3569,プリーストクロス,プリーストセット,
4569,プリーストブーツ,プリーストセット,
7133,黒白誓約,,私の中の光と闇、\nどちらも受け入れてくださるのですね？
7134,大人の夜遊び,,ポーカーで勝負しない？\nお姉さんに勝てたら、何でも一つ\n言うことを聞いてあげるわ。
7135,終焉無き誓約,,この手を握ってくれるだけでいい。\nさすれば世界は、我ら二人のものだ。
7136,極博打道,,ワシのシマを荒らすとは\nええ度胸じゃのう！この落とし前、\nキッチリつけてもらうぜよ！
7137,卓上の黒蜂,,ビリヤードが得意なんて意外？\n安心なさい、心臓は外してあげるわ。
7138,戦乙女の義翼,,この翼で、我の望む世界へ飛び立つのだ！
7139,メリーロックオン,,サンタとやらをこの銃で仕留めるまで、\n眠るわけにはいかないわ！……ZZZ……
7140,聖火のクリスマス,,プレゼントを配り、\n人々に希望を与えるのも、\n騎士の勤めです！
7141,泣き虫サンタ,,こんなもので着飾ったとしても、\n私の傷は隠せやしないのに……
6713,不落の黎明,,"
聖陽騎士団団長・ウリエルが使用している純白の盾。美しさと実用性を兼ね備えている頑丈な盾だが、ウリエルの細い体と並ぶと、やはりどこか重苦しい感じがする。

この盾はウリエルと共に幾多の戦いを経験してきた。見た目は当初と同じ輝かしい白だが、目に見えない傷が数多く残されている……そう、ウリエル自身のように……しかし、たとえどんなに傷つこうとも、人々の期待を裏切るわけにはいかないと、ウリエルは誓う。

「黎明はきっと来る！耐えろ！」"
6714,不落の黎明,,"
聖陽騎士団団長・ウリエルが使用している純白の盾。美しさと実用性を兼ね備えている頑丈な盾だが、ウリエルの細い体と並ぶと、やはりどこか重苦しい感じがする。

この盾はウリエルと共に幾多の戦いを経験してきた。見た目は当初と同じ輝かしい白だが、目に見えない傷が数多く残されている……そう、ウリエル自身のように……しかし、たとえどんなに傷つこうとも、人々の期待を裏切るわけにはいかないと、ウリエルは誓う。

「黎明はきっと来る！耐えろ！」"
6715,不落の黎明,,"
聖陽騎士団団長・ウリエルが使用している純白の盾。美しさと実用性を兼ね備えている頑丈な盾だが、ウリエルの細い体と並ぶと、やはりどこか重苦しい感じがする。

この盾はウリエルと共に幾多の戦いを経験してきた。見た目は当初と同じ輝かしい白だが、目に見えない傷が数多く残されている……そう、ウリエル自身のように……しかし、たとえどんなに傷つこうとも、人々の期待を裏切るわけにはいかないと、ウリエルは誓う。

「黎明はきっと来る！耐えろ！」"
6716,不落の黎明,,"
聖陽騎士団団長・ウリエルが使用している純白の盾。美しさと実用性を兼ね備えている頑丈な盾だが、ウリエルの細い体と並ぶと、やはりどこか重苦しい感じがする。

この盾はウリエルと共に幾多の戦いを経験してきた。見た目は当初と同じ輝かしい白だが、目に見えない傷が数多く残されている……そう、ウリエル自身のように……しかし、たとえどんなに傷つこうとも、人々の期待を裏切るわけにはいかないと、ウリエルは誓う。

「黎明はきっと来る！耐えろ！」"
6717,不落の黎明,,"
聖陽騎士団団長・ウリエルが使用している純白の盾。美しさと実用性を兼ね備えている頑丈な盾だが、ウリエルの細い体と並ぶと、やはりどこか重苦しい感じがする。

この盾はウリエルと共に幾多の戦いを経験してきた。見た目は当初と同じ輝かしい白だが、目に見えない傷が数多く残されている……そう、ウリエル自身のように……しかし、たとえどんなに傷つこうとも、人々の期待を裏切るわけにはいかないと、ウリエルは誓う。

「黎明はきっと来る！耐えろ！」"
6718,不落の黎明,,"
聖陽騎士団団長・ウリエルが使用している純白の盾。美しさと実用性を兼ね備えている頑丈な盾だが、ウリエルの細い体と並ぶと、やはりどこか重苦しい感じがする。

この盾はウリエルと共に幾多の戦いを経験してきた。見た目は当初と同じ輝かしい白だが、目に見えない傷が数多く残されている……そう、ウリエル自身のように……しかし、たとえどんなに傷つこうとも、人々の期待を裏切るわけにはいかないと、ウリエルは誓う。

「黎明はきっと来る！耐えろ！」"
7142,千の思い,,私の願い事ですか？\n桜は一瞬で散ってしまうけれど、\n私は先輩と永久に歩めますように、って。
7143,お姉さんとの約束,,本当に夢みたいだわぁ……\nお姉さんの事、大事にしてね♡
7144,茶いろの狐,,先輩、「待て」もできないの？\nバルだって、それくらいできるよ！
7145,恋音雅楽,,琵琶の音色に聞き入っていたのですか？\nえっ私の美貌に見惚れていた？\nもう、ご主人ったら……
7146,メイドラゴン,,先人曰く、「時は金なり」よ。\nさっさと支度して、掃除するわよ！
7147,舶来の賭博師,,紅蓮の煙が上がった時、\n勝利はワシのものになるぜよ！
7148,ワン！ダフル,,ちょっとバル！\n先輩とハグするのは私が先だからね！\n「ワンワン～！」
7149,新春昇鯉,,鯉が龍になるだぁ？\nそいつはオレを倒してからだな！
7150,熊猫福福少女,,グングン、そろそろ練習に戻るわよ。\n今年も春節の興行で\nエサ代を稼がなきゃね！
7151,幸運の初凪,,今から桃園でお茶会を開くの。\nご一緒にいかが？
7152,深紅の吉星,,お星さまによれば、\n今年の先輩の運気は最高のようですわ！
6719,魅惑の甘言,,"
人を欺く悪魔「アパテー」が愛用しているマイク型のロッド。魔界ではあまり馴染みがない神秘な職業ー「アイドル」が戦場（舞台）で戦う武器を想像して作り上げたらしい。

そんな聞き覚えのない職業を聞きかじった程度のアパテーは、「アイドル」を人々を歌声で支配する悪魔と勘違いし、アイドルが決まって使っているという道具を模して、人々を誘惑する歌声の効果が増幅するロッドを作った。色々と勘違いはあったものの、「人々を幻想の世界に誘う」という効果は、結果としてアイドルの仕事と同じとも言えるだろう。

「幻と分かっていても、そこから幸せを感じるなら、それでいいじゃないの？」"
6720,魅惑の甘言,,"
人を欺く悪魔「アパテー」が愛用しているマイク型のロッド。魔界ではあまり馴染みがない神秘な職業ー「アイドル」が戦場（舞台）で戦う武器を想像して作り上げたらしい。

そんな聞き覚えのない職業を聞きかじった程度のアパテーは、「アイドル」を人々を歌声で支配する悪魔と勘違いし、アイドルが決まって使っているという道具を模して、人々を誘惑する歌声の効果が増幅するロッドを作った。色々と勘違いはあったものの、「人々を幻想の世界に誘う」という効果は、結果としてアイドルの仕事と同じとも言えるだろう。

「幻と分かっていても、そこから幸せを感じるなら、それでいいじゃないの？」"
6721,魅惑の甘言,,"
人を欺く悪魔「アパテー」が愛用しているマイク型のロッド。魔界ではあまり馴染みがない神秘な職業ー「アイドル」が戦場（舞台）で戦う武器を想像して作り上げたらしい。

そんな聞き覚えのない職業を聞きかじった程度のアパテーは、「アイドル」を人々を歌声で支配する悪魔と勘違いし、アイドルが決まって使っているという道具を模して、人々を誘惑する歌声の効果が増幅するロッドを作った。色々と勘違いはあったものの、「人々を幻想の世界に誘う」という効果は、結果としてアイドルの仕事と同じとも言えるだろう。

「幻と分かっていても、そこから幸せを感じるなら、それでいいじゃないの？」"
6722,魅惑の甘言,,"
人を欺く悪魔「アパテー」が愛用しているマイク型のロッド。魔界ではあまり馴染みがない神秘な職業ー「アイドル」が戦場（舞台）で戦う武器を想像して作り上げたらしい。

そんな聞き覚えのない職業を聞きかじった程度のアパテーは、「アイドル」を人々を歌声で支配する悪魔と勘違いし、アイドルが決まって使っているという道具を模して、人々を誘惑する歌声の効果が増幅するロッドを作った。色々と勘違いはあったものの、「人々を幻想の世界に誘う」という効果は、結果としてアイドルの仕事と同じとも言えるだろう。

「幻と分かっていても、そこから幸せを感じるなら、それでいいじゃないの？」"
6723,魅惑の甘言,,"
人を欺く悪魔「アパテー」が愛用しているマイク型のロッド。魔界ではあまり馴染みがない神秘な職業ー「アイドル」が戦場（舞台）で戦う武器を想像して作り上げたらしい。

そんな聞き覚えのない職業を聞きかじった程度のアパテーは、「アイドル」を人々を歌声で支配する悪魔と勘違いし、アイドルが決まって使っているという道具を模して、人々を誘惑する歌声の効果が増幅するロッドを作った。色々と勘違いはあったものの、「人々を幻想の世界に誘う」という効果は、結果としてアイドルの仕事と同じとも言えるだろう。

「幻と分かっていても、そこから幸せを感じるなら、それでいいじゃないの？」"
6724,魅惑の甘言,,"
人を欺く悪魔「アパテー」が愛用しているマイク型のロッド。魔界ではあまり馴染みがない神秘な職業ー「アイドル」が戦場（舞台）で戦う武器を想像して作り上げたらしい。

そんな聞き覚えのない職業を聞きかじった程度のアパテーは、「アイドル」を人々を歌声で支配する悪魔と勘違いし、アイドルが決まって使っているという道具を模して、人々を誘惑する歌声の効果が増幅するロッドを作った。色々と勘違いはあったものの、「人々を幻想の世界に誘う」という効果は、結果としてアイドルの仕事と同じとも言えるだろう。

「幻と分かっていても、そこから幸せを感じるなら、それでいいじゃないの？」"
7153,春色フローリスト,,占いで使おうと思って花を育ててみたの。\nどう、試しに占ってみない？
7154,鬼のお雛様,,あら、お内裏様がいないわね。\n先輩を捕まえて飾ろうかしら？ふふっ……
7155,お嫁ニャン,,儀式、しっぽにゃん風で、良いニャン？\nじゃあ、まず、火に入るニャン。
7156,蓮華の妖精,,蓮の花のような桃色の羽根に\nしてみたんです。どうですか？先輩。
7157,恋色水晶,,水晶でもとろけるような\nあま～い一日にしてくれますよね、先輩？
7158,イタズラデビル,,エイプリルフール？\n全世界が喜んで\nあたちに騙される日かしら。
7159,見習いピエロ,,腹話術で気持ちを伝えるのは、\nやっぱりずるいかな？
7160,放課後アイドル,,みんな～一日の始まりはガチャから！\nそして一日の終わりも\nガチャで締めるのが校則だよ！
7161,イースターバニー,,さぁ、好きなタマゴを\n1個選んでください。\nアタリはミカエルさんのお写真ですよ♡
7162,からくりピエロ,,ま、まだ奇術の練習中なのだ！\n本番は絶対に失敗しないのだ！
7163,青梅雨,,この雨が止めば、\n暖かな春になり草木が芽吹く。\n私にも感情は芽生えるだろうか。
7164,聖なるレッスン,,「跪け！」ふふっ、どうでしょうか？\n 演劇は初めてですが、\n様になってるでしょう。
7165,幽夢の春風,,おーい、先輩！今日から新学期だぞ！\nぼけっとしてると置いてっちゃうぞ！
7166,胡蝶之夢,,たとえ儚い夢でもいい、\nあの人に会えるなら……
7167,恋々金魚草,,先輩見て～！新種の金魚草だって！\nかわいいよね～！
7168,メーメーランド,,えっと、学園で飼っているヒツジが\n1匹、ヒツジが2匹、ヒツジが3匹…\nなんだか、眠くなっちゃたの……
7169,神狼の誓い,,これでオレと一生平穏に……\n暮らせると思うなよ！
7170,白衣の天使,,「ボンキュッボンが悪魔的」だなんて……\nく、屈辱です！その口を閉じないと、\nお尻に注射を打ちますよ？
7171,医者いらず,,ぺぺが爆発に巻き込まれたって聞いて\n心配してくれたの？\nえっへへ、この通り、全然大丈夫だよ～！
7172,救済の白華,,消えかけている命をこの手で救う。\nこれもまた、一つの強さであろう。
6725,死神の誘い,,"
魂を刈り取る者・于吉が使用する邪悪な鎌。元々は普通の鎌だったが、数多の殺戮を経て死者の嘆きが蓄積されるようになり、名実ともに死神の鎌と化した。

この鎌に命を奪われた死者の魂は成仏できず、鎌の刃に纏わりつき、怨嗟の声を振りまくという。于吉だけは、その影響を受けることなく、むしろこの「甘美な調べ」を楽しんでいるとか……さらに時が経つにつれ、「鎌から死神の呼び声がする」、「そばにいるだけで寒気が止まらない」などの噂が広まるようになった。

——その鎌を見つめることなかれ……鎌に魅入られし者には、死神が忍び寄るのだ……"
6726,死神の誘い,,"
魂を刈り取る者・于吉が使用する邪悪な鎌。元々は普通の鎌だったが、数多の殺戮を経て死者の嘆きが蓄積されるようになり、名実ともに死神の鎌と化した。

この鎌に命を奪われた死者の魂は成仏できず、鎌の刃に纏わりつき、怨嗟の声を振りまくという。于吉だけは、その影響を受けることなく、むしろこの「甘美な調べ」を楽しんでいるとか……さらに時が経つにつれ、「鎌から死神の呼び声がする」、「そばにいるだけで寒気が止まらない」などの噂が広まるようになった。

——その鎌を見つめることなかれ……鎌に魅入られし者には、死神が忍び寄るのだ……"
6727,死神の誘い,,"
魂を刈り取る者・于吉が使用する邪悪な鎌。元々は普通の鎌だったが、数多の殺戮を経て死者の嘆きが蓄積されるようになり、名実ともに死神の鎌と化した。

この鎌に命を奪われた死者の魂は成仏できず、鎌の刃に纏わりつき、怨嗟の声を振りまくという。于吉だけは、その影響を受けることなく、むしろこの「甘美な調べ」を楽しんでいるとか……さらに時が経つにつれ、「鎌から死神の呼び声がする」、「そばにいるだけで寒気が止まらない」などの噂が広まるようになった。

——その鎌を見つめることなかれ……鎌に魅入られし者には、死神が忍び寄るのだ……"
6728,死神の誘い,,"
魂を刈り取る者・于吉が使用する邪悪な鎌。元々は普通の鎌だったが、数多の殺戮を経て死者の嘆きが蓄積されるようになり、名実ともに死神の鎌と化した。

この鎌に命を奪われた死者の魂は成仏できず、鎌の刃に纏わりつき、怨嗟の声を振りまくという。于吉だけは、その影響を受けることなく、むしろこの「甘美な調べ」を楽しんでいるとか……さらに時が経つにつれ、「鎌から死神の呼び声がする」、「そばにいるだけで寒気が止まらない」などの噂が広まるようになった。

——その鎌を見つめることなかれ……鎌に魅入られし者には、死神が忍び寄るのだ……"
6729,死神の誘い,,"
魂を刈り取る者・于吉が使用する邪悪な鎌。元々は普通の鎌だったが、数多の殺戮を経て死者の嘆きが蓄積されるようになり、名実ともに死神の鎌と化した。

この鎌に命を奪われた死者の魂は成仏できず、鎌の刃に纏わりつき、怨嗟の声を振りまくという。于吉だけは、その影響を受けることなく、むしろこの「甘美な調べ」を楽しんでいるとか……さらに時が経つにつれ、「鎌から死神の呼び声がする」、「そばにいるだけで寒気が止まらない」などの噂が広まるようになった。

——その鎌を見つめることなかれ……鎌に魅入られし者には、死神が忍び寄るのだ……"
6730,死神の誘い,,"
魂を刈り取る者・于吉が使用する邪悪な鎌。元々は普通の鎌だったが、数多の殺戮を経て死者の嘆きが蓄積されるようになり、名実ともに死神の鎌と化した。

この鎌に命を奪われた死者の魂は成仏できず、鎌の刃に纏わりつき、怨嗟の声を振りまくという。于吉だけは、その影響を受けることなく、むしろこの「甘美な調べ」を楽しんでいるとか……さらに時が経つにつれ、「鎌から死神の呼び声がする」、「そばにいるだけで寒気が止まらない」などの噂が広まるようになった。

——その鎌を見つめることなかれ……鎌に魅入られし者には、死神が忍び寄るのだ……"
7173,クラシカルベレー,,あなたがいると、ダーリンも機嫌がいい。これからも同じ時間に登校しないか？
7174,赤薔薇の姫,,薔薇を吸血鬼の血で\nさらに赤く染め上げる……\nそれこそ吾の使命！
7175,人生大逆転,,ハッハッハッ、\nこれからは墓場になるか、天国になるか、\nワシとお主の人生を賭けた大博打ぜよ！
7176,未来のお医者さん,,いいお医者さんになるには、\n実験も必要なのよ？だから、\nあたしの新作を飲んでくれるよね？
7177,桃仙楽座,,たまには桃以外のもんを\n食ったっていいだろ？\nこの粽ってやつもなかなかイケる味だぜ！
7178,粽の精霊,,笹の葉から、力を感じます……\n私、実は粽の精霊かもしれません……
7179,龍船蛾姚,,余と愛しき先輩の前を行くヤツラは、\nぜ～んぶ余が消してやるぞ？
7180,わんぱくオオカミ,,お、お前……！\n今フェンのこと、チビだと思っただろ！\nそんなこと言えるのも今のうちだぞ！
7181,目指せメイド長！,,私は完璧なメイド……\n私は完璧なメイド……って、わぁ！！！
7182,子守ひつじ,,先輩、そろそろ水分補給の時間なの！\n今パラソル広げるから、\n一緒に休憩するの！
7183,誓いの彼岸蝶,,今度こそ、ずっと私の傍に\nいてくれる……？いて、欲しい……\nそう思うのは、贅沢なのかしら……？
7184,祝杯を君と,,どうした？我に見惚れたか？\nその程度では、\nエスコートは任せられんな。
7185,星々の祝福,,永遠に近いお星さまにとっては\n全て一瞬の出来事ですが、私たちにとって\nこの一瞬が全て大事ですわ！
7186,神々の祝日,,見惚れてる暇があるなら、\nお酒のおかわり持ってきて。\nあと、おつまみを忘れたら許さないわよ？
6731,黄泉の残香,,"
黄泉の女神、イザナミが愛用している煙管。死者の魂を呼び寄せる禁断の力を秘めている。

かつて、この煙管でイザナミは何度も生き別れた恋人に呼び掛けたが、ただの一度も返事はなかったという。煙管から煙が立ちのぼるたびに、イザナミの心には新たな悲しみが刻まれるのだ。

一体どれほどの煙をくゆらせれば、彼女の痛みを癒せる者が現れるのか？それを知る者はいない……"
6732,黄泉の残香,,"
黄泉の女神、イザナミが愛用している煙管。死者の魂を呼び寄せる禁断の力を秘めている。

かつて、この煙管でイザナミは何度も生き別れた恋人に呼び掛けたが、ただの一度も返事はなかったという。煙管から煙が立ちのぼるたびに、イザナミの心には新たな悲しみが刻まれるのだ。

一体どれほどの煙をくゆらせれば、彼女の痛みを癒せる者が現れるのか？それを知る者はいない……"
6733,黄泉の残香,,"
黄泉の女神、イザナミが愛用している煙管。死者の魂を呼び寄せる禁断の力を秘めている。

かつて、この煙管でイザナミは何度も生き別れた恋人に呼び掛けたが、ただの一度も返事はなかったという。煙管から煙が立ちのぼるたびに、イザナミの心には新たな悲しみが刻まれるのだ。

一体どれほどの煙をくゆらせれば、彼女の痛みを癒せる者が現れるのか？それを知る者はいない……"
6734,黄泉の残香,,"
黄泉の女神、イザナミが愛用している煙管。死者の魂を呼び寄せる禁断の力を秘めている。

かつて、この煙管でイザナミは何度も生き別れた恋人に呼び掛けたが、ただの一度も返事はなかったという。煙管から煙が立ちのぼるたびに、イザナミの心には新たな悲しみが刻まれるのだ。

一体どれほどの煙をくゆらせれば、彼女の痛みを癒せる者が現れるのか？それを知る者はいない……"
6735,黄泉の残香,,"
黄泉の女神、イザナミが愛用している煙管。死者の魂を呼び寄せる禁断の力を秘めている。

かつて、この煙管でイザナミは何度も生き別れた恋人に呼び掛けたが、ただの一度も返事はなかったという。煙管から煙が立ちのぼるたびに、イザナミの心には新たな悲しみが刻まれるのだ。

一体どれほどの煙をくゆらせれば、彼女の痛みを癒せる者が現れるのか？それを知る者はいない……"
6736,黄泉の残香,,"
黄泉の女神、イザナミが愛用している煙管。死者の魂を呼び寄せる禁断の力を秘めている。

かつて、この煙管でイザナミは何度も生き別れた恋人に呼び掛けたが、ただの一度も返事はなかったという。煙管から煙が立ちのぼるたびに、イザナミの心には新たな悲しみが刻まれるのだ。

一体どれほどの煙をくゆらせれば、彼女の痛みを癒せる者が現れるのか？それを知る者はいない……"
7190,桃花繚乱,,桃の花よ、学園の平穏を取り戻すまで\nどうか私たちに力を貸して。
7189,魅惑のサーファー,,サーフィンは体幹が鍛えられる。\nこれも修行の一環だ。じーっと見てないで\n先輩もやってみないか？
7191,雨中逢瀬,,今日こそはあの人に会える……\nと思ったけれど……雨、止むかしら……
7187,海辺の三日月,,たまには戦を忘れて、\n疲れを癒さないとな。\n休暇も立派な修行のうちだ。
7188,潮騒の誘惑,,羽根が濡れて力が出ないのじゃ……\nちょっと余に手を貸してくれるか？先輩。
7192,誓約ライブ,,ライブに来た人全員が証人だからね！\nあたちのこと、一生大事にするのよ！
7193,浜辺のオッドアイ,,ルシファー「休んでないで遊ぼうぜ！」\nミカエル「こうして海を眺めながらの\n休息も、たまには必要ですよ。」
7194,渚のきらら,,海を眺めていると、心落ち着くものじゃ。\nふむ……妾の恰好が気になって\n落ち着かぬ、とな……？
7195,砂浜の射手,,海辺の日差しは思った以上に強いな……\nうむ、某がこの新しい装備で\n日を撃ち落としてやろう。
7196,パーリーピーポー,,ウェーイww なあなあ、どうだ？\nイケてんだろ！？この小麦色の肌で、\nあたいは地獄を制し……（以下略
7197,ぺぺのなつやすみ,,先輩ちゃん！大丈夫だよ！\nこの風船爆発しないから！\n本当だよ！本当だもん！
7198,危機一髪ビーチ,,……ッ！もう、何よっ！このエロタコ！！\nこ、光学迷彩が効かないじゃないの！
7199,小悪魔サマー,,今日は海での特別ライブよ！\n海でもあたちは人気者なんだから！\nって、痛っ！
7200,スピードクイーン,,レースで勝つコツ？\nそんなのフルスロットルで\n走り続ければいいのよ！
64361,運命の魂晶,,
64362,運命の魂晶,,
64363,運命の魂晶,,
64541,からくりの傘,,"
伝説の技工者「魯班」が作り出した「人工魂器」の一つ。幽夢テクノロジー以外に、未知で危険な技術をたくさん織り交ぜているらしい。

この傘は使用者の意に沿って形態を変えることができ、様々な状況に対応できる。傘を開くと、傘の内側から魯班が制作した星図が見える。

傘は元々空から降って来るものを防ぐための物である。そのため、使用者が傘の本来の使い方ーー「傘を開き、空に向ける」時、魯班がこの傘に隠したあるメッセージが伝わる。「星図が描かれている内側は空を意味する。だが、本当の敵はその外側に存在する。」"
64542,からくりの傘,,"
伝説の技工者「魯班」が作り出した「人工魂器」の一つ。幽夢テクノロジー以外に、未知で危険な技術をたくさん織り交ぜているらしい。

この傘は使用者の意に沿って形態を変えることができ、様々な状況に対応できる。傘を開くと、傘の内側から魯班が制作した星図が見える。

傘は元々空から降って来るものを防ぐための物である。そのため、使用者が傘の本来の使い方ーー「傘を開き、空に向ける」時、魯班がこの傘に隠したあるメッセージが伝わる。「星図が描かれている内側は空を意味する。だが、本当の敵はその外側に存在する。」"
64543,からくりの傘,,"
伝説の技工者「魯班」が作り出した「人工魂器」の一つ。幽夢テクノロジー以外に、未知で危険な技術をたくさん織り交ぜているらしい。

この傘は使用者の意に沿って形態を変えることができ、様々な状況に対応できる。傘を開くと、傘の内側から魯班が制作した星図が見える。

傘は元々空から降って来るものを防ぐための物である。そのため、使用者が傘の本来の使い方ーー「傘を開き、空に向ける」時、魯班がこの傘に隠したあるメッセージが伝わる。「星図が描かれている内側は空を意味する。だが、本当の敵はその外側に存在する。」"
67181,不落の黎明,,"
聖陽騎士団団長・ウリエルが使用している純白の盾。美しさと実用性を兼ね備えている頑丈な盾だが、ウリエルの細い体と並ぶと、やはりどこか重苦しい感じがする。

この盾はウリエルと共に幾多の戦いを経験してきた。見た目は当初と同じ輝かしい白だが、目に見えない傷が数多く残されている……そう、ウリエル自身のように……しかし、たとえどんなに傷つこうとも、人々の期待を裏切るわけにはいかないと、ウリエルは誓う。

「黎明はきっと来る！耐えろ！」"
67182,不落の黎明,,"
聖陽騎士団団長・ウリエルが使用している純白の盾。美しさと実用性を兼ね備えている頑丈な盾だが、ウリエルの細い体と並ぶと、やはりどこか重苦しい感じがする。

この盾はウリエルと共に幾多の戦いを経験してきた。見た目は当初と同じ輝かしい白だが、目に見えない傷が数多く残されている……そう、ウリエル自身のように……しかし、たとえどんなに傷つこうとも、人々の期待を裏切るわけにはいかないと、ウリエルは誓う。

「黎明はきっと来る！耐えろ！」"
67183,不落の黎明,,"
聖陽騎士団団長・ウリエルが使用している純白の盾。美しさと実用性を兼ね備えている頑丈な盾だが、ウリエルの細い体と並ぶと、やはりどこか重苦しい感じがする。

この盾はウリエルと共に幾多の戦いを経験してきた。見た目は当初と同じ輝かしい白だが、目に見えない傷が数多く残されている……そう、ウリエル自身のように……しかし、たとえどんなに傷つこうとも、人々の期待を裏切るわけにはいかないと、ウリエルは誓う。

「黎明はきっと来る！耐えろ！」"
64421,金輝の翼,,
64422,金輝の翼,,
64423,金輝の翼,,
67061,魔道銃「ソウルライト」,,"
王異が使用している魔導狙撃銃。伝説の技工者「魯班」が作り出した「人工魂器」の一つ。幽夢科学の他にも、様々な未知で危険な技術を使用しているようだ。

この銃は「魔力ポンプ」の小型化に成功した後、作られたものだ。「魔導銃」と言っているが、実は魔力で駆動しているのではなく、使用者の体内から魔力を汲み上げて、その魔力を凝縮して撃ちだすものである。威力は恐ろしい程高いが、使いすぎると使用者が魔力不足の状態になる。魔力不足になると、頭痛や嗜眠などの症状を引き起こすため、取り扱いには細心の注意が必要だ。

魯班からこの銃を受け取った時、王異はこの問題を知らなかった。だが、長く使い続けている彼女なら、とっくに気付いているはずだ。それでも未だに手放さないのは、魯班に対する尊敬、もしくはただ単純に自身のプライドが許さなかったのだろう。"
67062,魔道銃「ソウルライト」,,"
王異が使用している魔導狙撃銃。伝説の技工者「魯班」が作り出した「人工魂器」の一つ。幽夢科学の他にも、様々な未知で危険な技術を使用しているようだ。

この銃は「魔力ポンプ」の小型化に成功した後、作られたものだ。「魔導銃」と言っているが、実は魔力で駆動しているのではなく、使用者の体内から魔力を汲み上げて、その魔力を凝縮して撃ちだすものである。威力は恐ろしい程高いが、使いすぎると使用者が魔力不足の状態になる。魔力不足になると、頭痛や嗜眠などの症状を引き起こすため、取り扱いには細心の注意が必要だ。

魯班からこの銃を受け取った時、王異はこの問題を知らなかった。だが、長く使い続けている彼女なら、とっくに気付いているはずだ。それでも未だに手放さないのは、魯班に対する尊敬、もしくはただ単純に自身のプライドが許さなかったのだろう。"
67063,魔道銃「ソウルライト」,,"
王異が使用している魔導狙撃銃。伝説の技工者「魯班」が作り出した「人工魂器」の一つ。幽夢科学の他にも、様々な未知で危険な技術を使用しているようだ。

この銃は「魔力ポンプ」の小型化に成功した後、作られたものだ。「魔導銃」と言っているが、実は魔力で駆動しているのではなく、使用者の体内から魔力を汲み上げて、その魔力を凝縮して撃ちだすものである。威力は恐ろしい程高いが、使いすぎると使用者が魔力不足の状態になる。魔力不足になると、頭痛や嗜眠などの症状を引き起こすため、取り扱いには細心の注意が必要だ。

魯班からこの銃を受け取った時、王異はこの問題を知らなかった。だが、長く使い続けている彼女なら、とっくに気付いているはずだ。それでも未だに手放さないのは、魯班に対する尊敬、もしくはただ単純に自身のプライドが許さなかったのだろう。"
7201,ツインフラッガー,,イサウ「見て見て！すっごいスピード！」\nヤコブ「姉さん……あんまり\nはしゃいでると、タイムを見逃すよ……」
7202,森のガイドさん,,道のガイドは私にお任せを、\nここを左……あれ、右でしたっけ……？
7204,リリカルモニカ,,時のマジカルウィッチモニカ参上☆\n……本当にこのセリフを言わなきゃ\nいけないのですか？
7203,キツネレース,,あら先輩、どこを見ているのかしら？\n早く支度しないと、レースが始まるわよ。
7205,お星さまに誓って,,一年に一度じゃ足りませんわ。\n一生そばにいると、誓ってくださいまし！
7206,魔導士ぺぺ,,先輩ちゃん、魔法は爆発なの！\n爆発こそ世界を救うのよ！\nさっ、先輩ちゃんもレッツ☆バクハツ！
64481,荊棘の心,,
64482,荊棘の心,,
64483,荊棘の心,,
64601,ツインズロッド,,"
運命の双子、イサウとヤコブが使用している対になるロッド。所持者と同様で、2つのロッドに秘められている魔力は相対になる物である。

性質の差が大きい魔力は相容れない事は、学園の生徒なら誰でも知っていることだ。だが、例えそうであっても、イサウとヤコブの魔力は互いに連なっている。それはどれ程の対価を支払ってようやくできたことなのかは、彼女達が一番知っている。

少女達は「運命」に迫られ、戦いの舞台に立たされ、望まぬ役を演じる。"
64602,ツインズロッド,,"
運命の双子、イサウとヤコブが使用している対になるロッド。所持者と同様で、2つのロッドに秘められている魔力は相対になる物である。

性質の差が大きい魔力は相容れない事は、学園の生徒なら誰でも知っていることだ。だが、例えそうであっても、イサウとヤコブの魔力は互いに連なっている。それはどれ程の対価を支払ってようやくできたことなのかは、彼女達が一番知っている。

少女達は「運命」に迫られ、戦いの舞台に立たされ、望まぬ役を演じる。"
64603,ツインズロッド,,"
運命の双子、イサウとヤコブが使用している対になるロッド。所持者と同様で、2つのロッドに秘められている魔力は相対になる物である。

性質の差が大きい魔力は相容れない事は、学園の生徒なら誰でも知っていることだ。だが、例えそうであっても、イサウとヤコブの魔力は互いに連なっている。それはどれ程の対価を支払ってようやくできたことなのかは、彼女達が一番知っている。

少女達は「運命」に迫られ、戦いの舞台に立たされ、望まぬ役を演じる。"
64661,赤刃の鎖,,"
火を祀る巫女、赤蓮が使用する鎖で繋がっている双鎌。赤蓮が両手でそれを握り、炎を纏わせた時に、その真価が発揮される。

赤蓮の主な戦闘スタイルは跳躍と回転である。空中に煌めく炎の痕、その姿はまるで踊っているかのようだ。そしてその戦闘スタイルの起源となるのは、しっぽにゃんが森で戯れ、狩猟している姿である。

例え森が消えた現在でも、部族の炎は消えない、そして赤蓮はその火に宿る神のことを信じ、最も辛い状況下でも、戦う事を諦めなかった。そしてついに、彼女は待ち望んでいた神に出会う。"
64662,赤刃の鎖,,"
火を祀る巫女、赤蓮が使用する鎖で繋がっている双鎌。赤蓮が両手でそれを握り、炎を纏わせた時に、その真価が発揮される。

赤蓮の主な戦闘スタイルは跳躍と回転である。空中に煌めく炎の痕、その姿はまるで踊っているかのようだ。そしてその戦闘スタイルの起源となるのは、しっぽにゃんが森で戯れ、狩猟している姿である。

例え森が消えた現在でも、部族の炎は消えない、そして赤蓮はその火に宿る神のことを信じ、最も辛い状況下でも、戦う事を諦めなかった。そしてついに、彼女は待ち望んでいた神に出会う。"
64663,赤刃の鎖,,"
火を祀る巫女、赤蓮が使用する鎖で繋がっている双鎌。赤蓮が両手でそれを握り、炎を纏わせた時に、その真価が発揮される。

赤蓮の主な戦闘スタイルは跳躍と回転である。空中に煌めく炎の痕、その姿はまるで踊っているかのようだ。そしてその戦闘スタイルの起源となるのは、しっぽにゃんが森で戯れ、狩猟している姿である。

例え森が消えた現在でも、部族の炎は消えない、そして赤蓮はその火に宿る神のことを信じ、最も辛い状況下でも、戦う事を諦めなかった。そしてついに、彼女は待ち望んでいた神に出会う。"
64781,イマジンブレイド,,"
悪夢を乗り越え生まれ変わった魏延が使用する双刃。魏延の義肢は伝説の技工者「魯班」が作り出した「人工魂器」の一つ。幽夢テクノロジー以外に、未知で危険な技術をたくさん織り交ぜているらしい。

魏延は悪夢と闇の中で一筋の光を見つけ出し、そこから希望を取り戻した。義肢はそんな魏延に応えるかのように、羽を広げると同時に、この双刃を生み出した。重く巨大な刃は蛹を破る時の意志を表し、軽く細長い刃は空を翔ぶ願望の表しである。

魏延の記憶の中では、光を追い求める小さな生き物があった。魏延の今の姿は、光を追い求める自分の姿を、その生き物に重ねた結果かもしれない。"
64782,イマジンブレイド,,"
悪夢を乗り越え生まれ変わった魏延が使用する双刃。魏延の義肢は伝説の技工者「魯班」が作り出した「人工魂器」の一つ。幽夢テクノロジー以外に、未知で危険な技術をたくさん織り交ぜているらしい。

魏延は悪夢と闇の中で一筋の光を見つけ出し、そこから希望を取り戻した。義肢はそんな魏延に応えるかのように、羽を広げると同時に、この双刃を生み出した。重く巨大な刃は蛹を破る時の意志を表し、軽く細長い刃は空を翔ぶ願望の表しである。

魏延の記憶の中では、光を追い求める小さな生き物があった。魏延の今の姿は、光を追い求める自分の姿を、その生き物に重ねた結果かもしれない。"
64783,イマジンブレイド,,"
悪夢を乗り越え生まれ変わった魏延が使用する双刃。魏延の義肢は伝説の技工者「魯班」が作り出した「人工魂器」の一つ。幽夢テクノロジー以外に、未知で危険な技術をたくさん織り交ぜているらしい。

魏延は悪夢と闇の中で一筋の光を見つけ出し、そこから希望を取り戻した。義肢はそんな魏延に応えるかのように、羽を広げると同時に、この双刃を生み出した。重く巨大な刃は蛹を破る時の意志を表し、軽く細長い刃は空を翔ぶ願望の表しである。

魏延の記憶の中では、光を追い求める小さな生き物があった。魏延の今の姿は、光を追い求める自分の姿を、その生き物に重ねた結果かもしれない。"
64901,ブレイクウェーブ,,
64902,ブレイクウェーブ,,
64903,ブレイクウェーブ,,
7207,マジックにゃんこ,,オラオラ！これが魔法＋猛獣の最強\nスタイルだ！ビビったか！……小動物に\nしか見えない？んだと、やんのかコラ！！
7208,モコモコメェ～ド,,いま羊さんたちと掃除中なの！\n先輩も黙って見てないで、\n少しは手伝うの！
7209,聖なる天使,,貴方のお気持ち、確かに受け取りました。\nこれからも私たちが、\n光と闇の祝福を与えましょう。
7212,中秋の紅姫,,月は太陽の光を受けて輝く……\n今日だけは、お前が\n某の太陽になってくれぬか？
7210,海より愛をこめて,,海を大切に！食べ終わったお菓子の袋は、\nちゃんと持ち帰ろうね！
7211,月下の機工士,,月にいるのは\nウサギだって言われてるけど、\nあれは絶対にロボットだと思うんだ！
7213,月下戯水,,あら、先輩。これから水浴びするところ\nなの。羽衣が盗まれないよう、\n見張ってくれるかしら？
65021,カーニバルステッキ,,
65022,カーニバルステッキ,,
65023,カーニバルステッキ,,
67121,ホーリーブレス,,"
癒しの天使、華佗が使用している水晶の薬瓶。瓶の中には華佗が調合した薬が入っており、水晶を通して淡い光を放つ。精巧な見た目はまるで宝石そのものだが、そこに秘められた魔力の影響で、普通の人間がアクセサリーにするのは難しそうだ。

華佗が魔法で作った薬には彼女の魔力が込められており、水晶でできた薬瓶に入れて効力を保つ必要がある。華佗が瓶に魔力を注ぐと、生気に満ちた煙が立ち込める。一説によれば、華佗の聖なる光が煙の中で放つ柔らかな輝きは、神聖にして静謐さをたたえるとか。

生物を活性化させる魔法で人を救う霊薬を作る一方で、華佗の魔法は人を害する毒薬も作れるため、最も手強い戦姫の一人とされている。とはいえ華佗は、魔法を救命や治療にしか使っておらず、麻酔薬もあくまで手術に使うのみ。これもひとえに、華佗の信念と優しさの賜物だ。華佗の魔力が込められた薬を飲むと気分が落ち着くため、くれぐれも飲み過ぎて中毒にならないよう、ご注意を。"
67122,ホーリーブレス,,"
癒しの天使、華佗が使用している水晶の薬瓶。瓶の中には華佗が調合した薬が入っており、水晶を通して淡い光を放つ。精巧な見た目はまるで宝石そのものだが、そこに秘められた魔力の影響で、普通の人間がアクセサリーにするのは難しそうだ。

華佗が魔法で作った薬には彼女の魔力が込められており、水晶でできた薬瓶に入れて効力を保つ必要がある。華佗が瓶に魔力を注ぐと、生気に満ちた煙が立ち込める。一説によれば、華佗の聖なる光が煙の中で放つ柔らかな輝きは、神聖にして静謐さをたたえるとか。

生物を活性化させる魔法で人を救う霊薬を作る一方で、華佗の魔法は人を害する毒薬も作れるため、最も手強い戦姫の一人とされている。とはいえ華佗は、魔法を救命や治療にしか使っておらず、麻酔薬もあくまで手術に使うのみ。これもひとえに、華佗の信念と優しさの賜物だ。華佗の魔力が込められた薬を飲むと気分が落ち着くため、くれぐれも飲み過ぎて中毒にならないよう、ご注意を。"
67123,ホーリーブレス,,"
癒しの天使、華佗が使用している水晶の薬瓶。瓶の中には華佗が調合した薬が入っており、水晶を通して淡い光を放つ。精巧な見た目はまるで宝石そのものだが、そこに秘められた魔力の影響で、普通の人間がアクセサリーにするのは難しそうだ。

華佗が魔法で作った薬には彼女の魔力が込められており、水晶でできた薬瓶に入れて効力を保つ必要がある。華佗が瓶に魔力を注ぐと、生気に満ちた煙が立ち込める。一説によれば、華佗の聖なる光が煙の中で放つ柔らかな輝きは、神聖にして静謐さをたたえるとか。

生物を活性化させる魔法で人を救う霊薬を作る一方で、華佗の魔法は人を害する毒薬も作れるため、最も手強い戦姫の一人とされている。とはいえ華佗は、魔法を救命や治療にしか使っておらず、麻酔薬もあくまで手術に使うのみ。これもひとえに、華佗の信念と優しさの賜物だ。華佗の魔力が込められた薬を飲むと気分が落ち着くため、くれぐれも飲み過ぎて中毒にならないよう、ご注意を。"
67241,魅惑の甘言,,"
人を欺く悪魔「アパテー」が愛用しているマイク型のロッド。魔界ではあまり馴染みがない神秘な職業ー「アイドル」が戦場（舞台）で戦う武器を想像して作り上げたらしい。

そんな聞き覚えのない職業を聞きかじった程度のアパテーは、「アイドル」を人々を歌声で支配する悪魔と勘違いし、アイドルが決まって使っているという道具を模して、人々を誘惑する歌声の効果が増幅するロッドを作った。色々と勘違いはあったものの、「人々を幻想の世界に誘う」という効果は、結果としてアイドルの仕事と同じとも言えるだろう。

「幻と分かっていても、そこから幸せを感じるなら、それでいいじゃないの？」"
67242,魅惑の甘言,,"
人を欺く悪魔「アパテー」が愛用しているマイク型のロッド。魔界ではあまり馴染みがない神秘な職業ー「アイドル」が戦場（舞台）で戦う武器を想像して作り上げたらしい。

そんな聞き覚えのない職業を聞きかじった程度のアパテーは、「アイドル」を人々を歌声で支配する悪魔と勘違いし、アイドルが決まって使っているという道具を模して、人々を誘惑する歌声の効果が増幅するロッドを作った。色々と勘違いはあったものの、「人々を幻想の世界に誘う」という効果は、結果としてアイドルの仕事と同じとも言えるだろう。

「幻と分かっていても、そこから幸せを感じるなら、それでいいじゃないの？」"
67243,魅惑の甘言,,"
人を欺く悪魔「アパテー」が愛用しているマイク型のロッド。魔界ではあまり馴染みがない神秘な職業ー「アイドル」が戦場（舞台）で戦う武器を想像して作り上げたらしい。

そんな聞き覚えのない職業を聞きかじった程度のアパテーは、「アイドル」を人々を歌声で支配する悪魔と勘違いし、アイドルが決まって使っているという道具を模して、人々を誘惑する歌声の効果が増幅するロッドを作った。色々と勘違いはあったものの、「人々を幻想の世界に誘う」という効果は、結果としてアイドルの仕事と同じとも言えるだろう。

「幻と分かっていても、そこから幸せを感じるなら、それでいいじゃないの？」"
67301,死神の誘い,,"
魂を刈り取る者・于吉が使用する邪悪な鎌。元々は普通の鎌だったが、数多の殺戮を経て死者の嘆きが蓄積されるようになり、名実ともに死神の鎌と化した。

この鎌に命を奪われた死者の魂は成仏できず、鎌の刃に纏わりつき、怨嗟の声を振りまくという。于吉だけは、その影響を受けることなく、むしろこの「甘美な調べ」を楽しんでいるとか……さらに時が経つにつれ、「鎌から死神の呼び声がする」、「そばにいるだけで寒気が止まらない」などの噂が広まるようになった。

——その鎌を見つめることなかれ……鎌に魅入られし者には、死神が忍び寄るのだ……"
67302,死神の誘い,,"
魂を刈り取る者・于吉が使用する邪悪な鎌。元々は普通の鎌だったが、数多の殺戮を経て死者の嘆きが蓄積されるようになり、名実ともに死神の鎌と化した。

この鎌に命を奪われた死者の魂は成仏できず、鎌の刃に纏わりつき、怨嗟の声を振りまくという。于吉だけは、その影響を受けることなく、むしろこの「甘美な調べ」を楽しんでいるとか……さらに時が経つにつれ、「鎌から死神の呼び声がする」、「そばにいるだけで寒気が止まらない」などの噂が広まるようになった。

——その鎌を見つめることなかれ……鎌に魅入られし者には、死神が忍び寄るのだ……"
67303,死神の誘い,,"
魂を刈り取る者・于吉が使用する邪悪な鎌。元々は普通の鎌だったが、数多の殺戮を経て死者の嘆きが蓄積されるようになり、名実ともに死神の鎌と化した。

この鎌に命を奪われた死者の魂は成仏できず、鎌の刃に纏わりつき、怨嗟の声を振りまくという。于吉だけは、その影響を受けることなく、むしろこの「甘美な調べ」を楽しんでいるとか……さらに時が経つにつれ、「鎌から死神の呼び声がする」、「そばにいるだけで寒気が止まらない」などの噂が広まるようになった。

——その鎌を見つめることなかれ……鎌に魅入られし者には、死神が忍び寄るのだ……"
67361,黄泉の残香,,"
黄泉の女神、イザナミが愛用している煙管。死者の魂を呼び寄せる禁断の力を秘めている。

かつて、この煙管でイザナミは何度も生き別れた恋人に呼び掛けたが、ただの一度も返事はなかったという。煙管から煙が立ちのぼるたびに、イザナミの心には新たな悲しみが刻まれるのだ。

一体どれほどの煙をくゆらせれば、彼女の痛みを癒せる者が現れるのか？それを知る者はいない……"
67362,黄泉の残香,,"
黄泉の女神、イザナミが愛用している煙管。死者の魂を呼び寄せる禁断の力を秘めている。

かつて、この煙管でイザナミは何度も生き別れた恋人に呼び掛けたが、ただの一度も返事はなかったという。煙管から煙が立ちのぼるたびに、イザナミの心には新たな悲しみが刻まれるのだ。

一体どれほどの煙をくゆらせれば、彼女の痛みを癒せる者が現れるのか？それを知る者はいない……"
67363,黄泉の残香,,"
黄泉の女神、イザナミが愛用している煙管。死者の魂を呼び寄せる禁断の力を秘めている。

かつて、この煙管でイザナミは何度も生き別れた恋人に呼び掛けたが、ただの一度も返事はなかったという。煙管から煙が立ちのぼるたびに、イザナミの心には新たな悲しみが刻まれるのだ。

一体どれほどの煙をくゆらせれば、彼女の痛みを癒せる者が現れるのか？それを知る者はいない……"
7214,永遠のAI,,愛？AIのことか？よく分からないけど、\n先輩とならばどこでも、\nいつまでもついていくのだ！
7215,漆黒の聖騎士,,たとえこの身を闇に堕としても、\n戦場で散った愛馬の魂とともに\n学園を守ってみせましょう！
7216,厭世の天下人,,時々わからなくなるのです……\n修行の先に、天下を取った先に、\nいったい何があるのでしょうか……
7217,悪戯パンプキン,,トリックオア……トリック！\nキャハハッ！あたちがトリートなんて\n言うわけないじゃない！ねっ、オピオン♪
7218,ハロウィンタイム,,魔法少女の次は「魔女」ですか……\n先輩の趣味はよく分かりませんが、\nとりあえずお菓子を頂けますか？
7219,永遠の聖盾,,これからはこの盾で、\n先輩との輝かしい未来も守ってみせます。
7220,アゲアゲ花火,,夏といえば、浴衣に花火だぜ！！\nパイセンも、そう思うだろ！？\nえっ、もう秋……？しまったああああ！！
7221,メカニックバニー,,どうだい？\n青羽のシステムを改良したこの月兎は！\n機能性と見た目を両立した最新作さ！
7222,黒き猫のお暇,,今日のあんたの任務は、\nあたしとの時間を満喫すること。\n早くこっちへ来て？
7223,アツアツ感謝祭,,さあさあ、\n寄ってらっしゃい！見てらっしゃい！\n私が焼いた七面鳥は、絶品のうまさだよ！
7224,陽炎穿つ一矢,,千里先から標的を撃つ、\nただそれだけの簡単なお仕事さ。
6737,オーダーブレイカー,,"
坂本龍馬が使用していた拳銃。彼女が長年愛用していたため、ピストルには彼女の気が纏わり付いている。

元はリボルバーだっだが、銃口にナイフが設置され、果たしてピストルなのかナイフなのか分からない武器となった。

暴力を信仰する者がこの武器を手にしたとき、必ずそこは戦場と化すだろう。"
6738,オーダーブレイカー,,"
坂本龍馬が使用していた拳銃。彼女が長年愛用していたため、ピストルには彼女の気が纏わり付いている。

元はリボルバーだっだが、銃口にナイフが設置され、果たしてピストルなのかナイフなのか分からない武器となった。

暴力を信仰する者がこの武器を手にしたとき、必ずそこは戦場と化すだろう。"
6739,オーダーブレイカー,,"
坂本龍馬が使用していた拳銃。彼女が長年愛用していたため、ピストルには彼女の気が纏わり付いている。

元はリボルバーだっだが、銃口にナイフが設置され、果たしてピストルなのかナイフなのか分からない武器となった。

暴力を信仰する者がこの武器を手にしたとき、必ずそこは戦場と化すだろう。"
6740,オーダーブレイカー,,"
坂本龍馬が使用していた拳銃。彼女が長年愛用していたため、ピストルには彼女の気が纏わり付いている。

元はリボルバーだっだが、銃口にナイフが設置され、果たしてピストルなのかナイフなのか分からない武器となった。

暴力を信仰する者がこの武器を手にしたとき、必ずそこは戦場と化すだろう。"
6741,オーダーブレイカー,,"
坂本龍馬が使用していた拳銃。彼女が長年愛用していたため、ピストルには彼女の気が纏わり付いている。

元はリボルバーだっだが、銃口にナイフが設置され、果たしてピストルなのかナイフなのか分からない武器となった。

暴力を信仰する者がこの武器を手にしたとき、必ずそこは戦場と化すだろう。"
6742,オーダーブレイカー,,"
坂本龍馬が使用していた拳銃。彼女が長年愛用していたため、ピストルには彼女の気が纏わり付いている。

元はリボルバーだっだが、銃口にナイフが設置され、果たしてピストルなのかナイフなのか分からない武器となった。

暴力を信仰する者がこの武器を手にしたとき、必ずそこは戦場と化すだろう。"
67421,オーダーブレイカー,,"
坂本龍馬が使用していた拳銃。彼女が長年愛用していたため、ピストルには彼女の気が纏わり付いている。

元はリボルバーだっだが、銃口にナイフが設置され、果たしてピストルなのかナイフなのか分からない武器となった。

暴力を信仰する者がこの武器を手にしたとき、必ずそこは戦場と化すだろう。"
67422,オーダーブレイカー,,"
坂本龍馬が使用していた拳銃。彼女が長年愛用していたため、ピストルには彼女の気が纏わり付いている。

元はリボルバーだっだが、銃口にナイフが設置され、果たしてピストルなのかナイフなのか分からない武器となった。

暴力を信仰する者がこの武器を手にしたとき、必ずそこは戦場と化すだろう。"
67423,オーダーブレイカー,,"
坂本龍馬が使用していた拳銃。彼女が長年愛用していたため、ピストルには彼女の気が纏わり付いている。

元はリボルバーだっだが、銃口にナイフが設置され、果たしてピストルなのかナイフなのか分からない武器となった。

暴力を信仰する者がこの武器を手にしたとき、必ずそこは戦場と化すだろう。"
7225,うさ耳デリバリー,,ロ、ローストターキー、\nお届けに上がりました……
7226,瑠璃色トリック,,今日はこの子たちも\nお揃いのお洋服ですのよ。\nね、可愛いでしょう？
7227,花の玉座,,覆水盆に返らず……\n私に歯向かったことを、\nあの世で後悔なさい。
7228,剣聖の契り,,これから、妾のこの剣は\n汝の為に振るうことをここで誓おう。
7229,ブラッディギフト,,怪物が聖夜を祝うのは\nおかしくないだろうか……まぁいい、\nお主の驚いた顔が傑作だったからな。
7230,暖かな冬日,,ちょうど空も晴れてきましたね。\n今日はどこに行きましょうか、先輩？
7231,混沌の聖夜,,今日だけはと・く・べ・つに！\nわたくしからプレゼントを差し上げるわ。\n跪いて大いに感謝なさい？
6743,氷の風鈴,,元々は魯班が夏の暑さを解消するために発明したものだが、なぜか強力な魂器として完成してしまい、後に華佗がノーリスにプレゼントした。装備すると、風鈴の形状によって激しい冷気が放出される。夏でも空一面から雪を降らせることができ、地上の人々は降りしきる大雪の中で、チリンチリンという風鈴の音を聞くことができるという。かつて北極の地ではカオスの影響により氷河が急速に溶け、生態系のバランスが崩れていたが、ノーリスがこの魂器を利用して復興を果たしたため、北極の生き物たちはこれを宝として崇めている。
6744,氷の風鈴,,元々は魯班が夏の暑さを解消するために発明したものだが、なぜか強力な魂器として完成してしまい、後に華佗がノーリスにプレゼントした。装備すると、風鈴の形状によって激しい冷気が放出される。夏でも空一面から雪を降らせることができ、地上の人々は降りしきる大雪の中で、チリンチリンという風鈴の音を聞くことができるという。かつて北極の地ではカオスの影響により氷河が急速に溶け、生態系のバランスが崩れていたが、ノーリスがこの魂器を利用して復興を果たしたため、北極の生き物たちはこれを宝として崇めている。
6745,氷の風鈴,,元々は魯班が夏の暑さを解消するために発明したものだが、なぜか強力な魂器として完成してしまい、後に華佗がノーリスにプレゼントした。装備すると、風鈴の形状によって激しい冷気が放出される。夏でも空一面から雪を降らせることができ、地上の人々は降りしきる大雪の中で、チリンチリンという風鈴の音を聞くことができるという。かつて北極の地ではカオスの影響により氷河が急速に溶け、生態系のバランスが崩れていたが、ノーリスがこの魂器を利用して復興を果たしたため、北極の生き物たちはこれを宝として崇めている。
6746,氷の風鈴,,元々は魯班が夏の暑さを解消するために発明したものだが、なぜか強力な魂器として完成してしまい、後に華佗がノーリスにプレゼントした。装備すると、風鈴の形状によって激しい冷気が放出される。夏でも空一面から雪を降らせることができ、地上の人々は降りしきる大雪の中で、チリンチリンという風鈴の音を聞くことができるという。かつて北極の地ではカオスの影響により氷河が急速に溶け、生態系のバランスが崩れていたが、ノーリスがこの魂器を利用して復興を果たしたため、北極の生き物たちはこれを宝として崇めている。
6747,氷の風鈴,,元々は魯班が夏の暑さを解消するために発明したものだが、なぜか強力な魂器として完成してしまい、後に華佗がノーリスにプレゼントした。装備すると、風鈴の形状によって激しい冷気が放出される。夏でも空一面から雪を降らせることができ、地上の人々は降りしきる大雪の中で、チリンチリンという風鈴の音を聞くことができるという。かつて北極の地ではカオスの影響により氷河が急速に溶け、生態系のバランスが崩れていたが、ノーリスがこの魂器を利用して復興を果たしたため、北極の生き物たちはこれを宝として崇めている。
6748,氷の風鈴,,元々は魯班が夏の暑さを解消するために発明したものだが、なぜか強力な魂器として完成してしまい、後に華佗がノーリスにプレゼントした。装備すると、風鈴の形状によって激しい冷気が放出される。夏でも空一面から雪を降らせることができ、地上の人々は降りしきる大雪の中で、チリンチリンという風鈴の音を聞くことができるという。かつて北極の地ではカオスの影響により氷河が急速に溶け、生態系のバランスが崩れていたが、ノーリスがこの魂器を利用して復興を果たしたため、北極の生き物たちはこれを宝として崇めている。
67481,氷の風鈴,,元々は魯班が夏の暑さを解消するために発明したものだが、なぜか強力な魂器として完成してしまい、後に華佗がノーリスにプレゼントした。装備すると、風鈴の形状によって激しい冷気が放出される。夏でも空一面から雪を降らせることができ、地上の人々は降りしきる大雪の中で、チリンチリンという風鈴の音を聞くことができるという。かつて北極の地ではカオスの影響により氷河が急速に溶け、生態系のバランスが崩れていたが、ノーリスがこの魂器を利用して復興を果たしたため、北極の生き物たちはこれを宝として崇めている。
67482,氷の風鈴,,元々は魯班が夏の暑さを解消するために発明したものだが、なぜか強力な魂器として完成してしまい、後に華佗がノーリスにプレゼントした。装備すると、風鈴の形状によって激しい冷気が放出される。夏でも空一面から雪を降らせることができ、地上の人々は降りしきる大雪の中で、チリンチリンという風鈴の音を聞くことができるという。かつて北極の地ではカオスの影響により氷河が急速に溶け、生態系のバランスが崩れていたが、ノーリスがこの魂器を利用して復興を果たしたため、北極の生き物たちはこれを宝として崇めている。
67483,氷の風鈴,,元々は魯班が夏の暑さを解消するために発明したものだが、なぜか強力な魂器として完成してしまい、後に華佗がノーリスにプレゼントした。装備すると、風鈴の形状によって激しい冷気が放出される。夏でも空一面から雪を降らせることができ、地上の人々は降りしきる大雪の中で、チリンチリンという風鈴の音を聞くことができるという。かつて北極の地ではカオスの影響により氷河が急速に溶け、生態系のバランスが崩れていたが、ノーリスがこの魂器を利用して復興を果たしたため、北極の生き物たちはこれを宝として崇めている。
7232,聖夜の双子蝶,,カーヴェ「ほぅ、子供にプレゼントを\n届ける人の衣装か？」\nバルディ「そうそう！そしてその『ほぅ』を3回言えば完璧だよ！ニシシ……」
7233,薄氷の心,,寒い？私には分からないわ……\nずっと先輩さんが傍にいてくれるもの……
7234,九尾の願い事,,あらご主人様、よくここが\n分かりましたね。何か願いごとでも……？\n私のはついさっき叶いましたわ。
